id,mission_id,route_name,status,started_at,finished_at,payload,created_at,robot_id,total_distance_m,cpu_samples,battery_samples,temperature_samples,ram_samples
1,patrol_a8889179,point_POINT,DONE,1777453615,1777453857,"{""mission_id"": ""patrol_a8889179"", ""robot_id"": ""robot-a"", ""route_name"": ""point_POINT"", ""points"": [""POINT""], ""wait_sec_per_point"": 0, ""max_retry_per_point"": 1, ""skip_on_fail"": true, ""status"": ""DONE"", ""current_index"": 0, ""started_at"": 1777453614.9759657, ""finished_at"": 1777453856.598704, ""results"": [{""point"": ""POINT"", ""status"": ""SKIPPED"", ""attempts"": 2, ""started_at"": 1777453735.897068, ""finished_at"": 1777453856.598704, ""reach_time_sec"": null, ""distance_on_finish"": 0.7445849915649364, ""message"": ""timeout waiting for point""}]}",10:56.6,robot-a,5.482731428,"[{""ts"": 1778153201.1847265, ""value"": 92.0}, {""ts"": 1778153206.3928173, ""value"": 95.0}, {""ts"": 1778153211.5871942, ""value"": 97.0}, {""ts"": 1778153216.7745104, ""value"": 100.0}]","[{""ts"": 1778153201.1847265, ""value"": 100.0}, {""ts"": 1778153206.3928173, ""value"": 100.0}, {""ts"": 1778153211.5871942, ""value"": 100.0}, {""ts"": 1778153216.7745104, ""value"": 100.0}]","[{""ts"": 1778153201.1847265, ""value"": 85.3}, {""ts"": 1778153206.3928173, ""value"": 85.9}, {""ts"": 1778153211.5871942, ""value"": 86.5}, {""ts"": 1778153216.7745104, ""value"": 87.0}]","[{""ts"": 1778153201.1847265, ""value"": 48.0}, {""ts"": 1778153206.3928173, ""value"": 49.0}, {""ts"": 1778153211.5871942, ""value"": 51.0}, {""ts"": 1778153216.7745104, ""value"": 52.0}]"
2,patrol_0c6509fa,point_A,STOPPED,1777457551,1777457562,"{""mission_id"": ""patrol_0c6509fa"", ""robot_id"": ""robot-a"", ""route_name"": ""point_A"", ""points"": [""A""], ""wait_sec_per_point"": 0, ""max_retry_per_point"": 1, ""skip_on_fail"": true, ""status"": ""STOPPED"", ""current_index"": 0, ""started_at"": 1777457551.1112535, ""finished_at"": 1777457561.8299062, ""results"": [{""point"": ""A"", ""status"": ""ABORTED"", ""attempts"": 1, ""started_at"": 1777457551.8469481, ""finished_at"": 1777457561.8299062, ""reach_time_sec"": null, ""distance_on_finish"": 0.43435910477496514, ""message"": ""mission stopped""}]}",12:41.8,robot-a,6.193845271,"[{""ts"": 1778153230.2849176, ""value"": 97.0}, {""ts"": 1778153235.4619083, ""value"": 100.0}, {""ts"": 1778153240.7083521, ""value"": 97.0}, {""ts"": 1778153245.9934812, ""value"": 95.0}, {""ts"": 1778153251.1867445, ""value"": 100.0}]","[{""ts"": 1778152830.1049285, ""value"": 96.0}, {""ts"": 1778152835.3274168, ""value"": 96.0}, {""ts"": 1778152840.5819472, ""value"": 96.0}, {""ts"": 1778152845.8146391, ""value"": 95.0}, {""ts"": 1778152851.0473826, ""value"": 94.0}]","[{""ts"": 1778153230.2849176, ""value"": 85.9}, {""ts"": 1778153235.4619083, ""value"": 86.5}, {""ts"": 1778153240.7083521, ""value"": 87.0}, {""ts"": 1778153245.9934812, ""value"": 86.5}, {""ts"": 1778153251.1867445, ""value"": 87.5}]","[{""ts"": 1778153230.2849176, ""value"": 49.0}, {""ts"": 1778153235.4619083, ""value"": 50.0}, {""ts"": 1778153240.7083521, ""value"": 51.0}, {""ts"": 1778153245.9934812, ""value"": 52.0}, {""ts"": 1778153251.1867445, ""value"": 53.0}]"
3,patrol_47e97820,point_A,DONE,1777457576,1777457640,"{""mission_id"": ""patrol_47e97820"", ""robot_id"": ""robot-a"", ""route_name"": ""point_A"", ""points"": [""A""], ""wait_sec_per_point"": 0, ""max_retry_per_point"": 1, ""skip_on_fail"": true, ""status"": ""DONE"", ""current_index"": 0, ""started_at"": 1777457575.7553544, ""finished_at"": 1777457639.9757555, ""results"": [{""point"": ""A"", ""status"": ""SUCCESS"", ""attempts"": 1, ""started_at"": 1777457578.864976, ""finished_at"": 1777457639.9757555, ""reach_time_sec"": 61.11077952384949, ""distance_on_finish"": 0.1768914460715748, ""message"": ""reached""}]}",14:00.0,robot-a,4.875219634,"[{""ts"": 1778153268.1749024, ""value"": 100.0}, {""ts"": 1778153273.3926158, ""value"": 97.0}, {""ts"": 1778153278.5810263, ""value"": 100.0}]","[{""ts"": 1778153268.1749024, ""value"": 89.0}, {""ts"": 1778153273.3926158, ""value"": 89.0}, {""ts"": 1778153278.5810263, ""value"": 89.0}]","[{""ts"": 1778153268.1749024, ""value"": 86.5}, {""ts"": 1778153273.3926158, ""value"": 87.0}, {""ts"": 1778153278.5810263, ""value"": 87.5}]","[{""ts"": 1778153268.1749024, ""value"": 50.0}, {""ts"": 1778153273.3926158, ""value"": 51.0}, {""ts"": 1778153278.5810263, ""value"": 52.0}]"
4,patrol_73c531b4,point_E,DONE,1777627232,1777627474,"{""mission_id"": ""patrol_73c531b4"", ""robot_id"": ""robot-a"", ""route_name"": ""point_E"", ""points"": [""E""], ""wait_sec_per_point"": 0, ""max_retry_per_point"": 1, ""skip_on_fail"": true, ""status"": ""DONE"", ""current_index"": 0, ""started_at"": 1777627232.338444, ""finished_at"": 1777627473.5186248, ""results"": [{""point"": ""E"", ""status"": ""SKIPPED"", ""attempts"": 2, ""started_at"": 1777627352.817149, ""finished_at"": 1777627473.5186014, ""reach_time_sec"": null, ""distance_on_finish"": 1.7144058508154425, ""message"": ""timeout waiting for point""}]}",24:33.5,robot-a,7.264918357,"[{""ts"": 1778153291.6184738, ""value"": 95.0}, {""ts"": 1778153296.9125071, ""value"": 97.0}, {""ts"": 1778153302.1659837, ""value"": 100.0}, {""ts"": 1778153307.4391825, ""value"": 97.0}]","[{""ts"": 1778153291.6184738, ""value"": 87.0}, {""ts"": 1778153296.9125071, ""value"": 86.0}, {""ts"": 1778153302.1659837, ""value"": 86.0}, {""ts"": 1778153307.4391825, ""value"": 85.0}]","[{""ts"": 1778153291.6184738, ""value"": 85.9}, {""ts"": 1778153296.9125071, ""value"": 86.5}, {""ts"": 1778153302.1659837, ""value"": 87.0}, {""ts"": 1778153307.4391825, ""value"": 87.5}]","[{""ts"": 1778153291.6184738, ""value"": 49.0}, {""ts"": 1778153296.9125071, ""value"": 50.0}, {""ts"": 1778153302.1659837, ""value"": 51.0}, {""ts"": 1778153307.4391825, ""value"": 52.0}]"
5,patrol_1ee81e34,point_A,DONE,1777628751,1777628751,"{""mission_id"": ""patrol_1ee81e34"", ""robot_id"": ""robot-a"", ""route_name"": ""point_A"", ""points"": [""A""], ""wait_sec_per_point"": 0, ""max_retry_per_point"": 1, ""skip_on_fail"": true, ""status"": ""DONE"", ""current_index"": 0, ""started_at"": 1777628751.0508928, ""finished_at"": 1777628751.238343, ""results"": [{""point"": ""A"", ""status"": ""SUCCESS"", ""attempts"": 1, ""started_at"": 1777628751.1038108, ""finished_at"": 1777628751.2383237, ""reach_time_sec"": 0.13451290130615234, ""distance_on_finish"": 0.0606585427887504, ""message"": ""reached""}]}",45:51.2,robot-a,8.053176492,"[{""ts"": 1778153320.5371946, ""value"": 92.0}, {""ts"": 1778153325.7449083, ""value"": 95.0}, {""ts"": 1778153330.9984721, ""value"": 97.0}, {""ts"": 1778153336.2175638, ""value"": 100.0}, {""ts"": 1778153341.4289154, ""value"": 97.0}]","[{""ts"": 1778153320.5371946, ""value"": 80.0}, {""ts"": 1778153325.7449083, ""value"": 80.0}, {""ts"": 1778153330.9984721, ""value"": 80.0}, {""ts"": 1778153336.2175638, ""value"": 80.0}, {""ts"": 1778153341.4289154, ""value"": 79.0}]","[{""ts"": 1778153320.5371946, ""value"": 85.3}, {""ts"": 1778153325.7449083, ""value"": 85.9}, {""ts"": 1778153330.9984721, ""value"": 86.5}, {""ts"": 1778153336.2175638, ""value"": 87.0}, {""ts"": 1778153341.4289154, ""value"": 87.5}]","[{""ts"": 1778153320.5371946, ""value"": 48.0}, {""ts"": 1778153325.7449083, ""value"": 49.0}, {""ts"": 1778153330.9984721, ""value"": 50.0}, {""ts"": 1778153336.2175638, ""value"": 51.0}, {""ts"": 1778153341.4289154, ""value"": 52.0}]"
6,patrol_2e75819c,test_distance,FAILED,1777992073,1777992075,"{""mission_id"": ""patrol_2e75819c"", ""robot_id"": ""robot-a"", ""route_name"": ""test_distance"", ""points"": [""A""], ""wait_sec_per_point"": 0, ""max_retry_per_point"": 0, ""skip_on_fail"": true, ""status"": ""FAILED"", ""current_index"": 0, ""started_at"": 1777992073.3835073, ""finished_at"": 1777992075.389528, ""total_distance_m"": null, ""results"": []}",41:17.4,robot-a,5.731842615,"[{""ts"": 1778153358.6638214, ""value"": 100.0}, {""ts"": 1778153363.8725106, ""value"": 97.0}, {""ts"": 1778153369.1412835, ""value"": 95.0}, {""ts"": 1778153374.4067218, ""value"": 100.0}]","[{""ts"": 1778153358.6638214, ""value"": 73.0}, {""ts"": 1778153363.8725106, ""value"": 73.0}, {""ts"": 1778153369.1412835, ""value"": 72.0}, {""ts"": 1778153374.4067218, ""value"": 72.0}]","[{""ts"": 1778153358.6638214, ""value"": 85.9}, {""ts"": 1778153363.8725106, ""value"": 86.5}, {""ts"": 1778153369.1412835, ""value"": 87.0}, {""ts"": 1778153374.4067218, ""value"": 87.5}]","[{""ts"": 1778153358.6638214, ""value"": 49.0}, {""ts"": 1778153363.8725106, ""value"": 50.0}, {""ts"": 1778153369.1412835, ""value"": 51.0}, {""ts"": 1778153374.4067218, ""value"": 52.0}]"
7,patrol_ebf13530,voice_point_B,FAILED,1778063913,1778063918,"{""mission_id"": ""patrol_ebf13530"", ""robot_id"": ""robot-a"", ""route_name"": ""voice_point_B"", ""points"": [""B""], ""wait_sec_per_point"": 0, ""max_retry_per_point"": 1, ""skip_on_fail"": true, ""status"": ""FAILED"", ""current_index"": 0, ""started_at"": 1778063912.6192725, ""finished_at"": 1778063917.633181, ""total_distance_m"": 0.0, ""results"": []}",38:40.6,robot-a,9.148527384,"[{""ts"": 1778153389.8172647, ""value"": 97.0}, {""ts"": 1778153395.0048261, ""value"": 100.0}, {""ts"": 1778153400.2856372, ""value"": 97.0}]","[{""ts"": 1778153389.8172647, ""value"": 68.0}, {""ts"": 1778153395.0048261, ""value"": 68.0}, {""ts"": 1778153400.2856372, ""value"": 67.0}]","[{""ts"": 1778153389.8172647, ""value"": 86.5}, {""ts"": 1778153395.0048261, ""value"": 87.0}, {""ts"": 1778153400.2856372, ""value"": 87.5}]","[{""ts"": 1778153389.8172647, ""value"": 50.0}, {""ts"": 1778153395.0048261, ""value"": 51.0}, {""ts"": 1778153400.2856372, ""value"": 52.0}]"
8,patrol_0ce984fd,voice_point_A,FAILED,1778069567,1778069569,"{""mission_id"": ""patrol_0ce984fd"", ""robot_id"": ""robot-a"", ""route_name"": ""voice_point_A"", ""points"": [""A""], ""wait_sec_per_point"": 0, ""max_retry_per_point"": 1, ""skip_on_fail"": true, ""status"": ""FAILED"", ""current_index"": 0, ""started_at"": 1778069567.239841, ""finished_at"": 1778069569.3236027, ""total_distance_m"": null, ""results"": []}",12:51.4,robot-a,6.487315926,"[{""ts"": 1778153414.5391873, ""value"": 95.0}, {""ts"": 1778153419.7319248, ""value"": 97.0}, {""ts"": 1778153424.9841626, ""value"": 100.0}, {""ts"": 1778153430.2264915, ""value"": 97.0}]","[{""ts"": 1778153414.5391873, ""value"": 61.0}, {""ts"": 1778153419.7319248, ""value"": 60.0}, {""ts"": 1778153424.9841626, ""value"": 60.0}, {""ts"": 1778153430.2264915, ""value"": 59.0}]","[{""ts"": 1778153414.5391873, ""value"": 85.9}, {""ts"": 1778153419.7319248, ""value"": 86.5}, {""ts"": 1778153424.9841626, ""value"": 87.0}, {""ts"": 1778153430.2264915, ""value"": 87.5}]","[{""ts"": 1778153414.5391873, ""value"": 49.0}, {""ts"": 1778153419.7319248, ""value"": 50.0}, {""ts"": 1778153424.9841626, ""value"": 51.0}, {""ts"": 1778153430.2264915, ""value"": 52.0}]"
9,patrol_eccf10fd,voice_point_A,DONE,1778069838,1778069838,"{""mission_id"": ""patrol_eccf10fd"", ""robot_id"": ""robot-a"", ""route_name"": ""voice_point_A"", ""points"": [""A""], ""wait_sec_per_point"": 0, ""max_retry_per_point"": 1, ""skip_on_fail"": true, ""status"": ""DONE"", ""current_index"": 0, ""started_at"": 1778069837.8047948, ""finished_at"": 1778069837.85558, ""total_distance_m"": 0.0, ""results"": [{""point"": ""A"", ""status"": ""SKIPPED"", ""attempts"": 0, ""started_at"": null, ""finished_at"": null, ""reach_time_sec"": null, ""distance_on_finish"": null, ""message"": ""Point 'A' not found""}]}",17:17.9,robot-a,4.962781543,"[{""ts"": 1778153443.6618392, ""value"": 92.0}, {""ts"": 1778153448.9184627, ""value"": 95.0}, {""ts"": 1778153454.1967283, ""value"": 97.0}, {""ts"": 1778153459.4739184, ""value"": 100.0}]","[{""ts"": 1778153443.6618392, ""value"": 56.0}, {""ts"": 1778153448.9184627, ""value"": 55.0}, {""ts"": 1778153454.1967283, ""value"": 54.0}, {""ts"": 1778153459.4739184, ""value"": 53.0}]","[{""ts"": 1778153443.6618392, ""value"": 85.3}, {""ts"": 1778153448.9184627, ""value"": 85.9}, {""ts"": 1778153454.1967283, ""value"": 86.5}, {""ts"": 1778153459.4739184, ""value"": 87.0}]","[{""ts"": 1778153443.6618392, ""value"": 48.0}, {""ts"": 1778153448.9184627, ""value"": 49.0}, {""ts"": 1778153454.1967283, ""value"": 50.0}, {""ts"": 1778153459.4739184, ""value"": 51.0}]"
10,patrol_fdfe95af,voice_point_A,DONE,1778070135,1778070135,"{""mission_id"": ""patrol_fdfe95af"", ""robot_id"": ""robot-a"", ""route_name"": ""voice_point_A"", ""points"": [""A""], ""wait_sec_per_point"": 0, ""max_retry_per_point"": 1, ""skip_on_fail"": true, ""status"": ""DONE"", ""current_index"": 0, ""started_at"": 1778070134.7557275, ""finished_at"": 1778070134.7798913, ""total_distance_m"": 0.32947342725425327, ""results"": [{""point"": ""A"", ""status"": ""SKIPPED"", ""attempts"": 0, ""started_at"": null, ""finished_at"": null, ""reach_time_sec"": null, ""distance_on_finish"": null, ""message"": ""Point 'A' not found""}]}",22:14.8,robot-a,0.329473427,"[{""ts"": 1778153472.7846195, ""value"": 97.0}, {""ts"": 1778153477.9941732, ""value"": 100.0}, {""ts"": 1778153483.2816495, ""value"": 97.0}, {""ts"": 1778153488.5239186, ""value"": 95.0}]","[{""ts"": 1778153472.7846195, ""value"": 48.0}, {""ts"": 1778153477.9941732, ""value"": 47.0}, {""ts"": 1778153483.2816495, ""value"": 46.0}, {""ts"": 1778153488.5239186, ""value"": 46.0}]","[{""ts"": 1778153472.7846195, ""value"": 86.5}, {""ts"": 1778153477.9941732, ""value"": 87.0}, {""ts"": 1778153483.2816495, ""value"": 87.5}, {""ts"": 1778153488.5239186, ""value"": 87.0}]","[{""ts"": 1778153472.7846195, ""value"": 49.0}, {""ts"": 1778153477.9941732, ""value"": 50.0}, {""ts"": 1778153483.2816495, ""value"": 51.0}, {""ts"": 1778153488.5239186, ""value"": 52.0}]"
11,patrol_1be124ed,voice_point_A,DONE,1778075260,1778075260,"{""mission_id"": ""patrol_1be124ed"", ""robot_id"": ""robot-a"", ""route_name"": ""voice_point_A"", ""points"": [""A""], ""wait_sec_per_point"": 0, ""max_retry_per_point"": 1, ""skip_on_fail"": true, ""status"": ""DONE"", ""current_index"": 0, ""started_at"": 1778075259.5611782, ""finished_at"": 1778075259.61669, ""total_distance_m"": 0.4078778573115377, ""results"": [{""point"": ""A"", ""status"": ""SKIPPED"", ""attempts"": 0, ""started_at"": null, ""finished_at"": null, ""reach_time_sec"": null, ""distance_on_finish"": null, ""message"": ""Point 'A' not found""}]}",47:39.7,robot-a,0.407877857,"[{""ts"": 1778153501.7492164, ""value"": 100.0}, {""ts"": 1778153506.9817358, ""value"": 97.0}, {""ts"": 1778153512.2649187, ""value"": 95.0}, {""ts"": 1778153517.5073164, ""value"": 100.0}]","[{""ts"": 1778153501.7492164, ""value"": 42.0}, {""ts"": 1778153506.9817358, ""value"": 42.0}, {""ts"": 1778153512.2649187, ""value"": 42.0}, {""ts"": 1778153517.5073164, ""value"": 42.0}]","[{""ts"": 1778153501.7492164, ""value"": 85.9}, {""ts"": 1778153506.9817358, ""value"": 86.5}, {""ts"": 1778153512.2649187, ""value"": 87.0}, {""ts"": 1778153517.5073164, ""value"": 87.5}]","[{""ts"": 1778153501.7492164, ""value"": 48.0}, {""ts"": 1778153506.9817358, ""value"": 49.0}, {""ts"": 1778153512.2649187, ""value"": 50.0}, {""ts"": 1778153517.5073164, ""value"": 51.0}]"
12,patrol_06798f4f,voice_point_D,DONE,1778075334,1778075456,"{""mission_id"": ""patrol_06798f4f"", ""robot_id"": ""robot-a"", ""route_name"": ""voice_point_D"", ""points"": [""D""], ""wait_sec_per_point"": 0, ""max_retry_per_point"": 1, ""skip_on_fail"": true, ""status"": ""DONE"", ""current_index"": 0, ""started_at"": 1778075333.9661808, ""finished_at"": 1778075455.619719, ""total_distance_m"": 0.4629290967547256, ""results"": [{""point"": ""D"", ""status"": ""SKIPPED"", ""attempts"": 2, ""started_at"": 1778075454.2157264, ""finished_at"": 1778075455.619719, ""reach_time_sec"": null, ""distance_on_finish"": 1.309812826733482, ""message"": ""6: nav2_msgs.action.NavigateToPose_Result(result=std_msgs.msg.Empty())""}]}",50:55.7,robot-a,0.462929097,"[{""ts"": 1778153530.6428719, ""value"": 95.0}, {""ts"": 1778153535.8361942, ""value"": 97.0}, {""ts"": 1778153541.0739264, ""value"": 100.0}]","[{""ts"": 1778153530.6428719, ""value"": 39.0}, {""ts"": 1778153535.8361942, ""value"": 39.0}, {""ts"": 1778153541.0739264, ""value"": 38.0}]","[{""ts"": 1778153530.6428719, ""value"": 85.3}, {""ts"": 1778153535.8361942, ""value"": 85.9}, {""ts"": 1778153541.0739264, ""value"": 86.5}]","[{""ts"": 1778153530.6428719, ""value"": 47.0}, {""ts"": 1778153535.8361942, ""value"": 48.0}, {""ts"": 1778153541.0739264, ""value"": 49.0}]"
13,patrol_f2daf6d8,voice_point_A,DONE,1778076182,1778076182,"{""mission_id"": ""patrol_f2daf6d8"", ""robot_id"": ""robot-a"", ""route_name"": ""voice_point_A"", ""points"": [""A""], ""wait_sec_per_point"": 0, ""max_retry_per_point"": 1, ""skip_on_fail"": true, ""status"": ""DONE"", ""current_index"": 0, ""started_at"": 1778076182.215303, ""finished_at"": 1778076182.270947, ""total_distance_m"": 0.7912015301062738, ""results"": [{""point"": ""A"", ""status"": ""SKIPPED"", ""attempts"": 0, ""started_at"": null, ""finished_at"": null, ""reach_time_sec"": null, ""distance_on_finish"": null, ""message"": ""Point 'A' not found""}]}",03:02.3,robot-a,0.79120153,"[{""ts"": 1778153554.1847631, ""value"": 97.0}, {""ts"": 1778153559.4512874, ""value"": 100.0}, {""ts"": 1778153564.6983512, ""value"": 97.0}, {""ts"": 1778153569.9274186, ""value"": 95.0}]","[{""ts"": 1778153554.1847631, ""value"": 34.0}, {""ts"": 1778153559.4512874, ""value"": 34.0}, {""ts"": 1778153564.6983512, ""value"": 34.0}, {""ts"": 1778153569.9274186, ""value"": 33.0}]","[{""ts"": 1778153554.1847631, ""value"": 86.5}, {""ts"": 1778153559.4512874, ""value"": 87.0}, {""ts"": 1778153564.6983512, ""value"": 87.5}, {""ts"": 1778153569.9274186, ""value"": 87.0}]","[{""ts"": 1778153554.1847631, ""value"": 49.0}, {""ts"": 1778153559.4512874, ""value"": 50.0}, {""ts"": 1778153564.6983512, ""value"": 51.0}, {""ts"": 1778153569.9274186, ""value"": 52.0}]"
14,patrol_ad4e3cb6,voice_point_DIEM,DONE,1778076747,1778076747,"{""mission_id"": ""patrol_ad4e3cb6"", ""robot_id"": ""robot-a"", ""route_name"": ""voice_point_DIEM"", ""points"": [""DIEM""], ""wait_sec_per_point"": 0, ""max_retry_per_point"": 1, ""skip_on_fail"": true, ""status"": ""DONE"", ""current_index"": 0, ""started_at"": 1778076747.2786157, ""finished_at"": 1778076747.313486, ""total_distance_m"": 1.066614543276487, ""results"": [{""point"": ""DIEM"", ""status"": ""SKIPPED"", ""attempts"": 0, ""started_at"": null, ""finished_at"": null, ""reach_time_sec"": null, ""distance_on_finish"": null, ""message"": ""Point 'DIEM' not found""}]}",12:27.4,robot-a,1.066614543,"[{""ts"": 1778153583.0062947, ""value"": 92.0}, {""ts"": 1778153588.2147315, ""value"": 95.0}, {""ts"": 1778153593.4896251, ""value"": 97.0}, {""ts"": 1778153598.7183524, ""value"": 100.0}]","[{""ts"": 1778153583.0062947, ""value"": 27.0}, {""ts"": 1778153588.2147315, ""value"": 26.0}, {""ts"": 1778153593.4896251, ""value"": 26.0}, {""ts"": 1778153598.7183524, ""value"": 26.0}]","[{""ts"": 1778153583.0062947, ""value"": 85.3}, {""ts"": 1778153588.2147315, ""value"": 85.9}, {""ts"": 1778153593.4896251, ""value"": 86.5}, {""ts"": 1778153598.7183524, ""value"": 87.0}]","[{""ts"": 1778153583.0062947, ""value"": 48.0}, {""ts"": 1778153588.2147315, ""value"": 49.0}, {""ts"": 1778153593.4896251, ""value"": 50.0}, {""ts"": 1778153598.7183524, ""value"": 51.0}]"
15,patrol_ddc8cb8a,voice_point_D,FAILED,1778076981,1778076986,"{""mission_id"": ""patrol_ddc8cb8a"", ""robot_id"": ""robot-a"", ""route_name"": ""voice_point_D"", ""points"": [""D""], ""wait_sec_per_point"": 0, ""max_retry_per_point"": 1, ""skip_on_fail"": true, ""status"": ""FAILED"", ""current_index"": 0, ""started_at"": 1778076980.758078, ""finished_at"": 1778076985.7735643, ""total_distance_m"": null, ""results"": []}",16:30.8,robot-a,5.624913278,"[{""ts"": 1778153612.8837164, ""value"": 100.0}, {""ts"": 1778153618.1045827, ""value"": 97.0}, {""ts"": 1778153623.3729158, ""value"": 95.0}]","[{""ts"": 1778153612.8837164, ""value"": 20.0}, {""ts"": 1778153618.1045827, ""value"": 20.0}, {""ts"": 1778153623.3729158, ""value"": 20.0}]","[{""ts"": 1778153612.8837164, ""value"": 85.9}, {""ts"": 1778153618.1045827, ""value"": 86.5}, {""ts"": 1778153623.3729158, ""value"": 87.0}]","[{""ts"": 1778153612.8837164, ""value"": 47.0}, {""ts"": 1778153618.1045827, ""value"": 48.0}, {""ts"": 1778153623.3729158, ""value"": 49.0}]"
16,patrol_81ea78d1,voice_point_D,DONE,1778077427,1778077549,"{""mission_id"": ""patrol_81ea78d1"", ""robot_id"": ""robot-a"", ""route_name"": ""voice_point_D"", ""points"": [""D""], ""wait_sec_per_point"": 0, ""max_retry_per_point"": 1, ""skip_on_fail"": true, ""status"": ""DONE"", ""current_index"": 0, ""started_at"": 1778077427.0230005, ""finished_at"": 1778077549.284376, ""total_distance_m"": 4.365493709718104, ""results"": [{""point"": ""D"", ""status"": ""SKIPPED"", ""attempts"": 2, ""started_at"": 1778077548.146336, ""finished_at"": 1778077549.284376, ""reach_time_sec"": null, ""distance_on_finish"": 0.659615227547255, ""message"": ""6: nav2_msgs.action.NavigateToPose_Result(result=std_msgs.msg.Empty())""}]}",25:49.3,robot-a,4.36549371,"[{""ts"": 1778153636.5918427, ""value"": 97.0}, {""ts"": 1778153641.8493271, ""value"": 100.0}, {""ts"": 1778153647.1285946, ""value"": 97.0}, {""ts"": 1778153652.4073812, ""value"": 95.0}]","[{""ts"": 1778153636.5918427, ""value"": 100.0}, {""ts"": 1778153641.8493271, ""value"": 100.0}, {""ts"": 1778153647.1285946, ""value"": 100.0}, {""ts"": 1778153652.4073812, ""value"": 99.0}]","[{""ts"": 1778153636.5918427, ""value"": 86.5}, {""ts"": 1778153641.8493271, ""value"": 87.0}, {""ts"": 1778153647.1285946, ""value"": 87.5}, {""ts"": 1778153652.4073812, ""value"": 87.0}]","[{""ts"": 1778153636.5918427, ""value"": 49.0}, {""ts"": 1778153641.8493271, ""value"": 50.0}, {""ts"": 1778153647.1285946, ""value"": 51.0}, {""ts"": 1778153652.4073812, ""value"": 52.0}]"
17,patrol_b66b0e30,voice_point_D,STOPPED,1778077647,1778077672,"{""mission_id"": ""patrol_b66b0e30"", ""robot_id"": ""robot-a"", ""route_name"": ""voice_point_D"", ""points"": [""D""], ""wait_sec_per_point"": 0, ""max_retry_per_point"": 1, ""skip_on_fail"": true, ""status"": ""STOPPED"", ""current_index"": 0, ""started_at"": 1778077646.9238474, ""finished_at"": 1778077672.3929715, ""total_distance_m"": 4.4537522967604986, ""results"": [{""point"": ""D"", ""status"": ""ABORTED"", ""attempts"": 1, ""started_at"": 1778077646.974987, ""finished_at"": 1778077672.3929715, ""reach_time_sec"": null, ""distance_on_finish"": 0.6397491075805114, ""message"": ""mission stopped""}]}",27:52.4,robot-a,4.453752297,"[{""ts"": 1778153665.6204718, ""value"": 92.0}, {""ts"": 1778153670.8361942, ""value"": 95.0}, {""ts"": 1778153676.1147285, ""value"": 97.0}, {""ts"": 1778153681.3985164, ""value"": 100.0}]","[{""ts"": 1778153665.6204718, ""value"": 95.0}, {""ts"": 1778153670.8361942, ""value"": 95.0}, {""ts"": 1778153676.1147285, ""value"": 94.0}, {""ts"": 1778153681.3985164, ""value"": 94.0}]","[{""ts"": 1778153665.6204718, ""value"": 85.3}, {""ts"": 1778153670.8361942, ""value"": 85.9}, {""ts"": 1778153676.1147285, ""value"": 86.5}, {""ts"": 1778153681.3985164, ""value"": 87.0}]","[{""ts"": 1778153665.6204718, ""value"": 48.0}, {""ts"": 1778153670.8361942, ""value"": 49.0}, {""ts"": 1778153676.1147285, ""value"": 50.0}, {""ts"": 1778153681.3985164, ""value"": 51.0}]"
18,patrol_845a20cc,voice_point_B,DONE,1778077682,1778077804,"{""mission_id"": ""patrol_845a20cc"", ""robot_id"": ""robot-a"", ""route_name"": ""voice_point_B"", ""points"": [""B""], ""wait_sec_per_point"": 0, ""max_retry_per_point"": 1, ""skip_on_fail"": true, ""status"": ""DONE"", ""current_index"": 0, ""started_at"": 1778077682.0351815, ""finished_at"": 1778077804.4149876, ""total_distance_m"": 4.526941948692467, ""results"": [{""point"": ""B"", ""status"": ""SKIPPED"", ""attempts"": 2, ""started_at"": 1778077803.1877306, ""finished_at"": 1778077804.4149876, ""reach_time_sec"": null, ""distance_on_finish"": 1.1645403317088105, ""message"": ""6: nav2_msgs.action.NavigateToPose_Result(result=std_msgs.msg.Empty())""}]}",30:04.4,robot-a,4.526941949,"[{""ts"": 1778153694.7032815, ""value"": 100.0}, {""ts"": 1778153699.9185724, ""value"": 97.0}, {""ts"": 1778153705.1673281, ""value"": 95.0}]","[{""ts"": 1778153694.7032815, ""value"": 89.0}, {""ts"": 1778153699.9185724, ""value"": 89.0}, {""ts"": 1778153705.1673281, ""value"": 88.0}]","[{""ts"": 1778153694.7032815, ""value"": 85.9}, {""ts"": 1778153699.9185724, ""value"": 86.5}, {""ts"": 1778153705.1673281, ""value"": 87.0}]","[{""ts"": 1778153694.7032815, ""value"": 47.0}, {""ts"": 1778153699.9185724, ""value"": 48.0}, {""ts"": 1778153705.1673281, ""value"": 49.0}]"
19,patrol_1b5e3a4f,voice_point_A,DONE,1778078419,1778078419,"{""mission_id"": ""patrol_1b5e3a4f"", ""robot_id"": ""robot-a"", ""route_name"": ""voice_point_A"", ""points"": [""A""], ""wait_sec_per_point"": 0, ""max_retry_per_point"": 1, ""skip_on_fail"": true, ""status"": ""DONE"", ""current_index"": 0, ""started_at"": 1778078418.6976333, ""finished_at"": 1778078418.7567527, ""total_distance_m"": 4.863389524850891, ""results"": [{""point"": ""A"", ""status"": ""SKIPPED"", ""attempts"": 0, ""started_at"": null, ""finished_at"": null, ""reach_time_sec"": null, ""distance_on_finish"": null, ""message"": ""Point 'A' not found""}]}",40:18.8,robot-a,4.863389525,"[{""ts"": 1778153718.3861942, ""value"": 97.0}, {""ts"": 1778153723.6284715, ""value"": 100.0}, {""ts"": 1778153728.8917426, ""value"": 97.0}, {""ts"": 1778153734.1549283, ""value"": 95.0}]","[{""ts"": 1778153718.3861942, ""value"": 86.0}, {""ts"": 1778153723.6284715, ""value"": 85.0}, {""ts"": 1778153728.8917426, ""value"": 85.0}, {""ts"": 1778153734.1549283, ""value"": 84.0}]","[{""ts"": 1778153718.3861942, ""value"": 86.5}, {""ts"": 1778153723.6284715, ""value"": 87.0}, {""ts"": 1778153728.8917426, ""value"": 87.5}, {""ts"": 1778153734.1549283, ""value"": 87.0}]","[{""ts"": 1778153718.3861942, ""value"": 49.0}, {""ts"": 1778153723.6284715, ""value"": 50.0}, {""ts"": 1778153728.8917426, ""value"": 51.0}, {""ts"": 1778153734.1549283, ""value"": 52.0}]"
20,patrol_5880b5e0,voice_point_C,DONE,1778132633,1778132757,"{""mission_id"": ""patrol_5880b5e0"", ""robot_id"": ""robot-a"", ""route_name"": ""voice_point_C"", ""points"": [""C""], ""wait_sec_per_point"": 0, ""max_retry_per_point"": 1, ""skip_on_fail"": true, ""status"": ""DONE"", ""current_index"": 0, ""started_at"": 1778132633.3709335, ""finished_at"": 1778132757.0041513, ""total_distance_m"": 0.34217166346243394, ""results"": [{""point"": ""C"", ""status"": ""SKIPPED"", ""attempts"": 2, ""started_at"": 1778132754.9483852, ""finished_at"": 1778132757.0041513, ""reach_time_sec"": null, ""distance_on_finish"": 1.21782611586047, ""message"": ""6: nav2_msgs.action.NavigateToPose_Result(result=std_msgs.msg.Empty())""}]}",45:57.2,robot-a,0.342171663,"[{""ts"": 1778153747.4618294, ""value"": 92.0}, {""ts"": 1778153752.6973158, ""value"": 95.0}, {""ts"": 1778153757.9618425, ""value"": 97.0}, {""ts"": 1778153763.2054719, ""value"": 100.0}]","[{""ts"": 1778153747.4618294, ""value"": 78.0}, {""ts"": 1778153752.6973158, ""value"": 77.0}, {""ts"": 1778153757.9618425, ""value"": 76.0}, {""ts"": 1778153763.2054719, ""value"": 75.0}]","[{""ts"": 1778153747.4618294, ""value"": 85.3}, {""ts"": 1778153752.6973158, ""value"": 85.9}, {""ts"": 1778153757.9618425, ""value"": 86.5}, {""ts"": 1778153763.2054719, ""value"": 87.0}]","[{""ts"": 1778153747.4618294, ""value"": 48.0}, {""ts"": 1778153752.6973158, ""value"": 49.0}, {""ts"": 1778153757.9618425, ""value"": 50.0}, {""ts"": 1778153763.2054719, ""value"": 51.0}]"
21,patrol_c9a8e7ca,voice_point_C,DONE,1778143770,1778143822,"{""mission_id"": ""patrol_c9a8e7ca"", ""robot_id"": ""robot-a"", ""route_name"": ""voice_point_C"", ""points"": [""C""], ""wait_sec_per_point"": 0, ""max_retry_per_point"": 1, ""skip_on_fail"": true, ""status"": ""DONE"", ""current_index"": 0, ""started_at"": 1778143770.0179331, ""finished_at"": 1778143821.6449556, ""total_distance_m"": 0.7593676064746934, ""results"": [{""point"": ""C"", ""status"": ""SKIPPED"", ""attempts"": 2, ""started_at"": 1778143816.947145, ""finished_at"": 1778143821.6449556, ""reach_time_sec"": null, ""distance_on_finish"": 1.2151149727476256, ""message"": ""6: nav2_msgs.action.NavigateToPose_Result(result=std_msgs.msg.Empty())""}]}",50:21.8,robot-a,0.759367606,"[{""ts"": 1778153776.5142837, ""value"": 97.0}, {""ts"": 1778153781.7826491, ""value"": 100.0}, {""ts"": 1778153787.0619284, ""value"": 97.0}]","[{""ts"": 1778153776.5142837, ""value"": 69.0}, {""ts"": 1778153781.7826491, ""value"": 69.0}, {""ts"": 1778153787.0619284, ""value"": 68.0}]","[{""ts"": 1778153776.5142837, ""value"": 86.5}, {""ts"": 1778153781.7826491, ""value"": 87.0}, {""ts"": 1778153787.0619284, ""value"": 87.5}]","[{""ts"": 1778153776.5142837, ""value"": 49.0}, {""ts"": 1778153781.7826491, ""value"": 50.0}, {""ts"": 1778153787.0619284, ""value"": 51.0}]"
22,patrol_80947cbe,voice_point_A,FAILED,1778145353,1778145358,"{""mission_id"": ""patrol_80947cbe"", ""robot_id"": ""robot-a"", ""route_name"": ""voice_point_A"", ""points"": [""A""], ""wait_sec_per_point"": 0, ""max_retry_per_point"": 1, ""skip_on_fail"": true, ""status"": ""FAILED"", ""current_index"": 0, ""started_at"": 1778145353.1445239, ""finished_at"": 1778145358.17099, ""total_distance_m"": null, ""results"": []}",16:03.2,robot-a,3.984215376,"[{""ts"": 1778153800.3185742, ""value"": 95.0}, {""ts"": 1778153805.5918426, ""value"": 97.0}, {""ts"": 1778153810.8274615, ""value"": 100.0}]","[{""ts"": 1778153800.3185742, ""value"": 64.0}, {""ts"": 1778153805.5918426, ""value"": 64.0}, {""ts"": 1778153810.8274615, ""value"": 64.0}]","[{""ts"": 1778153800.3185742, ""value"": 85.9}, {""ts"": 1778153805.5918426, ""value"": 86.5}, {""ts"": 1778153810.8274615, ""value"": 87.0}]","[{""ts"": 1778153800.3185742, ""value"": 48.0}, {""ts"": 1778153805.5918426, ""value"": 49.0}, {""ts"": 1778153810.8274615, ""value"": 50.0}]"
23,patrol_0092557a,saved_points_route,FAILED,1778149119,1778149124,"{""mission_id"": ""patrol_0092557a"", ""robot_id"": ""robot-a"", ""route_name"": ""saved_points_route"", ""points"": [""B"", ""C"", ""D""], ""wait_sec_per_point"": 3, ""max_retry_per_point"": 1, ""skip_on_fail"": true, ""status"": ""FAILED"", ""current_index"": 0, ""started_at"": 1778149118.6543329, ""finished_at"": 1778149123.6853576, ""total_distance_m"": null, ""results"": []}",18:48.7,robot-a,4.517863294,"[{""ts"": 1778153824.0741936, ""value"": 92.0}, {""ts"": 1778153829.3148275, ""value"": 95.0}, {""ts"": 1778153834.5692814, ""value"": 97.0}, {""ts"": 1778153839.8427163, ""value"": 100.0}]","[{""ts"": 1778153824.0741936, ""value"": 58.0}, {""ts"": 1778153829.3148275, ""value"": 58.0}, {""ts"": 1778153834.5692814, ""value"": 58.0}, {""ts"": 1778153839.8427163, ""value"": 58.0}]","[{""ts"": 1778153824.0741936, ""value"": 85.3}, {""ts"": 1778153829.3148275, ""value"": 85.9}, {""ts"": 1778153834.5692814, ""value"": 86.5}, {""ts"": 1778153839.8427163, ""value"": 87.0}]","[{""ts"": 1778153824.0741936, ""value"": 48.0}, {""ts"": 1778153829.3148275, ""value"": 49.0}, {""ts"": 1778153834.5692814, ""value"": 50.0}, {""ts"": 1778153839.8427163, ""value"": 51.0}]"
24,patrol_3a1b21fe,voice_point_B,DONE,1778149181,1778149184,"{""mission_id"": ""patrol_3a1b21fe"", ""robot_id"": ""robot-a"", ""route_name"": ""voice_point_B"", ""points"": [""B""], ""wait_sec_per_point"": 0, ""max_retry_per_point"": 1, ""skip_on_fail"": true, ""status"": ""DONE"", ""current_index"": 0, ""started_at"": 1778149180.670034, ""finished_at"": 1778149184.3023064, ""total_distance_m"": 0.2197473992278538, ""results"": [{""point"": ""B"", ""status"": ""SKIPPED"", ""attempts"": 2, ""started_at"": 1778149183.0235612, ""finished_at"": 1778149184.3023064, ""reach_time_sec"": null, ""distance_on_finish"": 0.4882078813971097, ""message"": ""6: nav2_msgs.action.NavigateToPose_Result(result=std_msgs.msg.Empty())""}]}",19:44.4,robot-a,0.219747399,"[{""ts"": 1778153853.1284617, ""value"": 97.0}, {""ts"": 1778153858.3871942, ""value"": 100.0}, {""ts"": 1778153863.6528714, ""value"": 97.0}]","[{""ts"": 1778153853.1284617, ""value"": 55.0}, {""ts"": 1778153858.3871942, ""value"": 55.0}, {""ts"": 1778153863.6528714, ""value"": 54.0}]","[{""ts"": 1778153853.1284617, ""value"": 86.5}, {""ts"": 1778153858.3871942, ""value"": 87.0}, {""ts"": 1778153863.6528714, ""value"": 87.5}]","[{""ts"": 1778153853.1284617, ""value"": 49.0}, {""ts"": 1778153858.3871942, ""value"": 50.0}, {""ts"": 1778153863.6528714, ""value"": 51.0}]"
25,patrol_830ddd72,point_A,DONE,1778154003,1778154054,"{""mission_id"": ""patrol_830ddd72"", ""robot_id"": ""robot-a"", ""route_name"": ""point_A"", ""points"": [""A""], ""wait_sec_per_point"": 0, ""max_retry_per_point"": 1, ""skip_on_fail"": true, ""status"": ""DONE"", ""current_index"": 0, ""started_at"": 1778154002.9981816, ""finished_at"": 1778154053.6965075, ""total_distance_m"": 17.838190036959887, ""cpu_samples"": [{""ts"": 1778154003.000739, ""value"": 100.0}, {""ts"": 1778154009.396562, ""value"": 97.0}, {""ts"": 1778154015.4124668, ""value"": 100.0}, {""ts"": 1778154021.2919824, ""value"": 100.0}, {""ts"": 1778154027.1070282, ""value"": 100.0}, {""ts"": 1778154033.1625504, ""value"": 100.0}, {""ts"": 1778154039.7519991, ""value"": 100.0}, {""ts"": 1778154045.931926, ""value"": 100.0}], ""battery_samples"": [{""ts"": 1778154003.000739, ""value"": 83.0}, {""ts"": 1778154009.396562, ""value"": 83.0}, {""ts"": 1778154015.4124668, ""value"": 83.0}, {""ts"": 1778154021.2919824, ""value"": 83.0}, {""ts"": 1778154027.1070282, ""value"": 83.0}, {""ts"": 1778154033.1625504, ""value"": 83.0}, {""ts"": 1778154039.7519991, ""value"": 83.0}, {""ts"": 1778154045.931926, ""value"": 83.0}], ""temperature_samples"": [{""ts"": 1778154003.000739, ""value"": null}, {""ts"": 1778154009.396562, ""value"": null}, {""ts"": 1778154015.4124668, ""value"": null}, {""ts"": 1778154021.2919824, ""value"": null}, {""ts"": 1778154027.1070282, ""value"": null}, {""ts"": 1778154033.1625504, ""value"": null}, {""ts"": 1778154039.7519991, ""value"": null}, {""ts"": 1778154045.931926, ""value"": null}], ""ram_samples"": [{""ts"": 1778154003.000739, ""value"": 37.0}, {""ts"": 1778154009.396562, ""value"": 38.0}, {""ts"": 1778154015.4124668, ""value"": 37.0}, {""ts"": 1778154021.2919824, ""value"": 36.0}, {""ts"": 1778154027.1070282, ""value"": 35.0}, {""ts"": 1778154033.1625504, ""value"": 37.0}, {""ts"": 1778154039.7519991, ""value"": 37.0}, {""ts"": 1778154045.931926, ""value"": 35.0}], ""results"": [{""point"": ""A"", ""status"": ""SKIPPED"", ""attempts"": 2, ""started_at"": 1778154035.5350974, ""finished_at"": 1778154053.6965075, ""reach_time_sec"": null, ""distance_on_finish"": 1.2544340438989094, ""message"": ""6: nav2_msgs.action.NavigateToPose_Result(result=std_msgs.msg.Empty())""}]}",40:53.8,robot-a,17.83819004,"[{""ts"": 1778154003.000739, ""value"": 100.0}, {""ts"": 1778154009.396562, ""value"": 97.0}, {""ts"": 1778154015.4124668, ""value"": 100.0}, {""ts"": 1778154021.2919824, ""value"": 100.0}, {""ts"": 1778154027.1070282, ""value"": 100.0}, {""ts"": 1778154033.1625504, ""value"": 100.0}, {""ts"": 1778154039.7519991, ""value"": 100.0}, {""ts"": 1778154045.931926, ""value"": 100.0}]","[{""ts"": 1778154003.000739, ""value"": 51.0}, {""ts"": 1778154009.396562, ""value"": 51.0}, {""ts"": 1778154015.4124668, ""value"": 51.0}, {""ts"": 1778154021.2919824, ""value"": 51.0}, {""ts"": 1778154027.1070282, ""value"": 51.0}, {""ts"": 1778154033.1625504, ""value"": 50.0}, {""ts"": 1778154039.7519991, ""value"": 50.0}, {""ts"": 1778154045.931926, ""value"": 50.0}]","[{""ts"": 1778154003.000739, ""value"": 85.3}, {""ts"": 1778154009.396562, ""value"": 85.9}, {""ts"": 1778154015.4124668, ""value"": 86.5}, {""ts"": 1778154021.2919824, ""value"": 87.0}, {""ts"": 1778154027.1070282, ""value"": 87.5}, {""ts"": 1778154033.1625504, ""value"": 87.0}, {""ts"": 1778154039.7519991, ""value"": 86.5}, {""ts"": 1778154045.931926, ""value"": 85.9}] ","[{""ts"": 1778154003.000739, ""value"": 37.0}, {""ts"": 1778154009.396562, ""value"": 38.0}, {""ts"": 1778154015.4124668, ""value"": 37.0}, {""ts"": 1778154021.2919824, ""value"": 36.0}, {""ts"": 1778154027.1070282, ""value"": 35.0}, {""ts"": 1778154033.1625504, ""value"": 37.0}, {""ts"": 1778154039.7519991, ""value"": 37.0}, {""ts"": 1778154045.931926, ""value"": 35.0}]"
26,patrol_965e36a9,point_A,DONE,1778154059,1778154112,"{""mission_id"": ""patrol_965e36a9"", ""robot_id"": ""robot-a"", ""route_name"": ""point_A"", ""points"": [""A""], ""wait_sec_per_point"": 0, ""max_retry_per_point"": 1, ""skip_on_fail"": true, ""status"": ""DONE"", ""current_index"": 0, ""started_at"": 1778154058.7377875, ""finished_at"": 1778154111.9211516, ""total_distance_m"": 18.583843560166105, ""cpu_samples"": [{""ts"": 1778154058.7395964, ""value"": 100.0}, {""ts"": 1778154065.1460726, ""value"": 100.0}, {""ts"": 1778154071.4833982, ""value"": 97.0}, {""ts"": 1778154077.5245519, ""value"": 97.0}, {""ts"": 1778154083.5913057, ""value"": 92.0}, {""ts"": 1778154089.93126, ""value"": 95.0}, {""ts"": 1778154095.7516487, ""value"": 100.0}, {""ts"": 1778154103.2226315, ""value"": 100.0}, {""ts"": 1778154110.55777, ""value"": 100.0}], ""battery_samples"": [{""ts"": 1778154058.7395964, ""value"": 83.0}, {""ts"": 1778154065.1460726, ""value"": 83.0}, {""ts"": 1778154071.4833982, ""value"": 83.0}, {""ts"": 1778154077.5245519, ""value"": 83.0}, {""ts"": 1778154083.5913057, ""value"": 83.0}, {""ts"": 1778154089.93126, ""value"": 83.0}, {""ts"": 1778154095.7516487, ""value"": 83.0}, {""ts"": 1778154103.2226315, ""value"": 83.0}, {""ts"": 1778154110.55777, ""value"": 83.0}], ""temperature_samples"": [{""ts"": 1778154058.7395964, ""value"": null}, {""ts"": 1778154065.1460726, ""value"": null}, {""ts"": 1778154071.4833982, ""value"": null}, {""ts"": 1778154077.5245519, ""value"": null}, {""ts"": 1778154083.5913057, ""value"": null}, {""ts"": 1778154089.93126, ""value"": null}, {""ts"": 1778154095.7516487, ""value"": null}, {""ts"": 1778154103.2226315, ""value"": null}, {""ts"": 1778154110.55777, ""value"": null}], ""ram_samples"": [{""ts"": 1778154058.7395964, ""value"": 37.0}, {""ts"": 1778154065.1460726, ""value"": 36.0}, {""ts"": 1778154071.4833982, ""value"": 35.0}, {""ts"": 1778154077.5245519, ""value"": 36.0}, {""ts"": 1778154083.5913057, ""value"": 36.0}, {""ts"": 1778154089.93126, ""value"": 36.0}, {""ts"": 1778154095.7516487, ""value"": 36.0}, {""ts"": 1778154103.2226315, ""value"": 36.0}, {""ts"": 1778154110.55777, ""value"": 36.0}], ""results"": [{""point"": ""A"", ""status"": ""SKIPPED"", ""attempts"": 2, ""started_at"": 1778154088.7700737, ""finished_at"": 1778154111.9211516, ""reach_time_sec"": null, ""distance_on_finish"": 1.3948398830079491, ""message"": ""6: nav2_msgs.action.NavigateToPose_Result(result=std_msgs.msg.Empty())""}]}",41:52.4,robot-a,18.58384356,"[{""ts"": 1778154058.7395964, ""value"": 100.0}, {""ts"": 1778154065.1460726, ""value"": 100.0}, {""ts"": 1778154071.4833982, ""value"": 97.0}, {""ts"": 1778154077.5245519, ""value"": 97.0}, {""ts"": 1778154083.5913057, ""value"": 92.0}, {""ts"": 1778154089.93126, ""value"": 95.0}, {""ts"": 1778154095.7516487, ""value"": 100.0}, {""ts"": 1778154103.2226315, ""value"": 100.0}, {""ts"": 1778154110.55777, ""value"": 100.0}]","[{""ts"": 1778154058.7395964, ""value"": 46.0}, {""ts"": 1778154065.1460726, ""value"": 46.0}, {""ts"": 1778154071.4833982, ""value"": 46.0}, {""ts"": 1778154077.5245519, ""value"": 45.0}, {""ts"": 1778154083.5913057, ""value"": 45.0}, {""ts"": 1778154089.93126, ""value"": 45.0}, {""ts"": 1778154095.7516487, ""value"": 44.0}, {""ts"": 1778154103.2226315, ""value"": 44.0}, {""ts"": 1778154110.55777, ""value"": 44.0}]","[{""ts"": 1778154058.7395964, ""value"": 85.9}, {""ts"": 1778154065.1460726, ""value"": 86.5}, {""ts"": 1778154071.4833982, ""value"": 87.0}, {""ts"": 1778154077.5245519, ""value"": 87.5}, {""ts"": 1778154083.5913057, ""value"": 88.1}, {""ts"": 1778154089.93126, ""value"": 87.5}, {""ts"": 1778154095.7516487, ""value"": 87.0}, {""ts"": 1778154103.2226315, ""value"": 86.5}, {""ts"": 1778154110.55777, ""value"": 85.9}] ","[{""ts"": 1778154058.7395964, ""value"": 37.0}, {""ts"": 1778154065.1460726, ""value"": 36.0}, {""ts"": 1778154071.4833982, ""value"": 35.0}, {""ts"": 1778154077.5245519, ""value"": 36.0}, {""ts"": 1778154083.5913057, ""value"": 36.0}, {""ts"": 1778154089.93126, ""value"": 36.0}, {""ts"": 1778154095.7516487, ""value"": 36.0}, {""ts"": 1778154103.2226315, ""value"": 36.0}, {""ts"": 1778154110.55777, ""value"": 36.0}]"
27,patrol_685a572b,point_B,DONE,1778154156,1778154203,"{""mission_id"": ""patrol_685a572b"", ""robot_id"": ""robot-a"", ""route_name"": ""point_B"", ""points"": [""B""], ""wait_sec_per_point"": 0, ""max_retry_per_point"": 1, ""skip_on_fail"": true, ""status"": ""DONE"", ""current_index"": 0, ""started_at"": 1778154156.0100107, ""finished_at"": 1778154203.051371, ""total_distance_m"": 19.099745180831825, ""cpu_samples"": [{""ts"": 1778154156.013083, ""value"": 100.0}, {""ts"": 1778154162.1305418, ""value"": 100.0}, {""ts"": 1778154168.6235487, ""value"": 100.0}, {""ts"": 1778154175.0698287, ""value"": 100.0}, {""ts"": 1778154181.5098479, ""value"": 100.0}, {""ts"": 1778154187.806549, ""value"": 100.0}, {""ts"": 1778154194.1991336, ""value"": 100.0}, {""ts"": 1778154200.9841309, ""value"": 97.0}], ""battery_samples"": [{""ts"": 1778154156.013083, ""value"": 83.0}, {""ts"": 1778154162.1305418, ""value"": 83.0}, {""ts"": 1778154168.6235487, ""value"": 83.0}, {""ts"": 1778154175.0698287, ""value"": 83.0}, {""ts"": 1778154181.5098479, ""value"": 83.0}, {""ts"": 1778154187.806549, ""value"": 83.0}, {""ts"": 1778154194.1991336, ""value"": 83.0}, {""ts"": 1778154200.9841309, ""value"": 83.0}], ""temperature_samples"": [{""ts"": 1778154156.013083, ""value"": null}, {""ts"": 1778154162.1305418, ""value"": null}, {""ts"": 1778154168.6235487, ""value"": null}, {""ts"": 1778154175.0698287, ""value"": null}, {""ts"": 1778154181.5098479, ""value"": null}, {""ts"": 1778154187.806549, ""value"": null}, {""ts"": 1778154194.1991336, ""value"": null}, {""ts"": 1778154200.9841309, ""value"": null}], ""ram_samples"": [{""ts"": 1778154156.013083, ""value"": 38.0}, {""ts"": 1778154162.1305418, ""value"": 39.0}, {""ts"": 1778154168.6235487, ""value"": 40.0}, {""ts"": 1778154175.0698287, ""value"": 38.0}, {""ts"": 1778154181.5098479, ""value"": 38.0}, {""ts"": 1778154187.806549, ""value"": 38.0}, {""ts"": 1778154194.1991336, ""value"": 38.0}, {""ts"": 1778154200.9841309, ""value"": 38.0}], ""results"": [{""point"": ""B"", ""status"": ""SKIPPED"", ""attempts"": 2, ""started_at"": 1778154180.4314888, ""finished_at"": 1778154203.051371, ""reach_time_sec"": null, ""distance_on_finish"": 0.9411980445040649, ""message"": ""6: nav2_msgs.action.NavigateToPose_Result(result=std_msgs.msg.Empty())""}]}",43:23.8,robot-a,19.09974518,"[{""ts"": 1778154156.013083, ""value"": 100.0}, {""ts"": 1778154162.1305418, ""value"": 100.0}, {""ts"": 1778154168.6235487, ""value"": 100.0}, {""ts"": 1778154175.0698287, ""value"": 100.0}, {""ts"": 1778154181.5098479, ""value"": 100.0}, {""ts"": 1778154187.806549, ""value"": 100.0}, {""ts"": 1778154194.1991336, ""value"": 100.0}, {""ts"": 1778154200.9841309, ""value"": 97.0}]","[{""ts"": 1778154156.013083, ""value"": 39.0}, {""ts"": 1778154162.1305418, ""value"": 38.0}, {""ts"": 1778154168.6235487, ""value"": 37.0}, {""ts"": 1778154175.0698287, ""value"": 36.0}, {""ts"": 1778154181.5098479, ""value"": 35.0}, {""ts"": 1778154187.806549, ""value"": 35.0}, {""ts"": 1778154194.1991336, ""value"": 34.0}, {""ts"": 1778154200.9841309, ""value"": 34.0}]","[{""ts"": 1778154156.013083, ""value"": 85.3}, {""ts"": 1778154162.1305418, ""value"": 85.9}, {""ts"": 1778154168.6235487, ""value"": 86.5}, {""ts"": 1778154175.0698287, ""value"": 87.0}, {""ts"": 1778154181.5098479, ""value"": 87.5}, {""ts"": 1778154187.806549, ""value"": 87.0}, {""ts"": 1778154194.1991336, ""value"": 86.5}, {""ts"": 1778154200.9841309, ""value"": 85.9}] ","[{""ts"": 1778154156.013083, ""value"": 38.0}, {""ts"": 1778154162.1305418, ""value"": 39.0}, {""ts"": 1778154168.6235487, ""value"": 40.0}, {""ts"": 1778154175.0698287, ""value"": 38.0}, {""ts"": 1778154181.5098479, ""value"": 38.0}, {""ts"": 1778154187.806549, ""value"": 38.0}, {""ts"": 1778154194.1991336, ""value"": 38.0}, {""ts"": 1778154200.9841309, ""value"": 38.0}]"
28,patrol_afd60b88,point_B,STOPPED,1778154234,1778154242,"{""mission_id"": ""patrol_afd60b88"", ""robot_id"": ""robot-a"", ""route_name"": ""point_B"", ""points"": [""B""], ""wait_sec_per_point"": 0, ""max_retry_per_point"": 1, ""skip_on_fail"": true, ""status"": ""STOPPED"", ""current_index"": 0, ""started_at"": 1778154233.5099335, ""finished_at"": 1778154242.0523524, ""total_distance_m"": 19.312898588841946, ""cpu_samples"": [{""ts"": 1778154233.512466, ""value"": 100.0}, {""ts"": 1778154240.488984, ""value"": 97.0}], ""battery_samples"": [{""ts"": 1778154233.512466, ""value"": 83.0}, {""ts"": 1778154240.488984, ""value"": 83.0}], ""temperature_samples"": [{""ts"": 1778154233.512466, ""value"": null}, {""ts"": 1778154240.488984, ""value"": null}], ""ram_samples"": [{""ts"": 1778154233.512466, ""value"": 38.0}, {""ts"": 1778154240.488984, ""value"": 39.0}], ""results"": [{""point"": ""B"", ""status"": ""ABORTED"", ""attempts"": 1, ""started_at"": 1778154234.0233378, ""finished_at"": 1778154242.0523524, ""reach_time_sec"": null, ""distance_on_finish"": 0.9648325541511681, ""message"": ""mission stopped""}]}",44:02.4,robot-a,19.31289859,"[{""ts"": 1778154233.512466, ""value"": 100.0}, {""ts"": 1778154240.488984, ""value"": 97.0}]","[{""ts"": 1778154233.512466, ""value"": 32.0}, {""ts"": 1778154240.488984, ""value"": 32.0}]","[{""ts"": 1778154233.512466, ""value"": 86.5}, {""ts"": 1778154240.488984, ""value"": 87.0}] ","[{""ts"": 1778154233.512466, ""value"": 38.0}, {""ts"": 1778154240.488984, ""value"": 39.0}]"
29,patrol_4c62ec2e,point_B,DONE,1778154467,1778154532,"{""mission_id"": ""patrol_4c62ec2e"", ""robot_id"": ""robot-a"", ""route_name"": ""point_B"", ""points"": [""B""], ""wait_sec_per_point"": 0, ""max_retry_per_point"": 1, ""skip_on_fail"": true, ""status"": ""DONE"", ""current_index"": 0, ""started_at"": 1778154466.7843769, ""finished_at"": 1778154531.573133, ""total_distance_m"": 6.143512875398978, ""cpu_samples"": [{""ts"": 1778154466.786379, ""value"": 92.0}, {""ts"": 1778154472.673803, ""value"": 95.0}, {""ts"": 1778154478.8534353, ""value"": 97.0}, {""ts"": 1778154486.17503, ""value"": 95.0}, {""ts"": 1778154493.7034364, ""value"": 97.0}, {""ts"": 1778154501.129942, ""value"": 100.0}, {""ts"": 1778154507.3647158, ""value"": 100.0}, {""ts"": 1778154514.9968662, ""value"": 100.0}, {""ts"": 1778154521.1146283, ""value"": 100.0}, {""ts"": 1778154528.2745135, ""value"": 100.0}], ""battery_samples"": [{""ts"": 1778154466.786379, ""value"": 57.0}, {""ts"": 1778154472.673803, ""value"": 57.0}, {""ts"": 1778154478.8534353, ""value"": 57.0}, {""ts"": 1778154486.17503, ""value"": 57.0}, {""ts"": 1778154493.7034364, ""value"": 57.0}, {""ts"": 1778154501.129942, ""value"": 57.0}, {""ts"": 1778154507.3647158, ""value"": 57.0}, {""ts"": 1778154514.9968662, ""value"": 57.0}, {""ts"": 1778154521.1146283, ""value"": 57.0}, {""ts"": 1778154528.2745135, ""value"": 57.0}], ""temperature_samples"": [{""ts"": 1778154466.786379, ""value"": null}, {""ts"": 1778154472.673803, ""value"": null}, {""ts"": 1778154478.8534353, ""value"": null}, {""ts"": 1778154486.17503, ""value"": null}, {""ts"": 1778154493.7034364, ""value"": null}, {""ts"": 1778154501.129942, ""value"": null}, {""ts"": 1778154507.3647158, ""value"": null}, {""ts"": 1778154514.9968662, ""value"": null}, {""ts"": 1778154521.1146283, ""value"": null}, {""ts"": 1778154528.2745135, ""value"": null}], ""ram_samples"": [{""ts"": 1778154466.786379, ""value"": 33.0}, {""ts"": 1778154472.673803, ""value"": 33.0}, {""ts"": 1778154478.8534353, ""value"": 33.0}, {""ts"": 1778154486.17503, ""value"": 33.0}, {""ts"": 1778154493.7034364, ""value"": 33.0}, {""ts"": 1778154501.129942, ""value"": 34.0}, {""ts"": 1778154507.3647158, ""value"": 35.0}, {""ts"": 1778154514.9968662, ""value"": 35.0}, {""ts"": 1778154521.1146283, ""value"": 38.0}, {""ts"": 1778154528.2745135, ""value"": 36.0}], ""results"": [{""point"": ""B"", ""status"": ""SKIPPED"", ""attempts"": 2, ""started_at"": 1778154500.510993, ""finished_at"": 1778154531.573133, ""reach_time_sec"": null, ""distance_on_finish"": 1.4885330387871176, ""message"": ""6: nav2_msgs.action.NavigateToPose_Result(result=std_msgs.msg.Empty())""}]}",48:51.6,robot-a,6.143512875,"[{""ts"": 1778154466.786379, ""value"": 92.0}, {""ts"": 1778154472.673803, ""value"": 95.0}, {""ts"": 1778154478.8534353, ""value"": 97.0}, {""ts"": 1778154486.17503, ""value"": 95.0}, {""ts"": 1778154493.7034364, ""value"": 97.0}, {""ts"": 1778154501.129942, ""value"": 100.0}, {""ts"": 1778154507.3647158, ""value"": 100.0}, {""ts"": 1778154514.9968662, ""value"": 100.0}, {""ts"": 1778154521.1146283, ""value"": 100.0}, {""ts"": 1778154528.2745135, ""value"": 100.0}]","[{""ts"": 1778154466.786379, ""value"": 29.0}, {""ts"": 1778154472.673803, ""value"": 29.0}, {""ts"": 1778154478.8534353, ""value"": 29.0}, {""ts"": 1778154486.17503, ""value"": 29.0}, {""ts"": 1778154493.7034364, ""value"": 29.0}, {""ts"": 1778154501.129942, ""value"": 29.0}, {""ts"": 1778154507.3647158, ""value"": 29.0}, {""ts"": 1778154514.9968662, ""value"": 28.0}, {""ts"": 1778154521.1146283, ""value"": 28.0}, {""ts"": 1778154528.2745135, ""value"": 27.0}]","[{""ts"": 1778154466.786379, ""value"": 85.3}, {""ts"": 1778154472.673803, ""value"": 85.9}, {""ts"": 1778154478.8534353, ""value"": 86.5}, {""ts"": 1778154486.17503, ""value"": 87.0}, {""ts"": 1778154493.7034364, ""value"": 87.5}, {""ts"": 1778154501.129942, ""value"": 88.1}, {""ts"": 1778154507.3647158, ""value"": 87.5}, {""ts"": 1778154514.9968662, ""value"": 87.0}, {""ts"": 1778154521.1146283, ""value"": 86.5}, {""ts"": 1778154528.2745135, ""value"": 85.9}] ","[{""ts"": 1778154466.786379, ""value"": 33.0}, {""ts"": 1778154472.673803, ""value"": 33.0}, {""ts"": 1778154478.8534353, ""value"": 33.0}, {""ts"": 1778154486.17503, ""value"": 33.0}, {""ts"": 1778154493.7034364, ""value"": 33.0}, {""ts"": 1778154501.129942, ""value"": 34.0}, {""ts"": 1778154507.3647158, ""value"": 35.0}, {""ts"": 1778154514.9968662, ""value"": 35.0}, {""ts"": 1778154521.1146283, ""value"": 38.0}, {""ts"": 1778154528.2745135, ""value"": 36.0}]"
30,patrol_74280286,point_B,DONE,1778154535,1778154560,"{""mission_id"": ""patrol_74280286"", ""robot_id"": ""robot-a"", ""route_name"": ""point_B"", ""points"": [""B""], ""wait_sec_per_point"": 0, ""max_retry_per_point"": 1, ""skip_on_fail"": true, ""status"": ""DONE"", ""current_index"": 0, ""started_at"": 1778154535.1085093, ""finished_at"": 1778154559.6460323, ""total_distance_m"": 6.7993074261704125, ""cpu_samples"": [{""ts"": 1778154535.1112876, ""value"": 97.0}, {""ts"": 1778154541.3761475, ""value"": 97.0}, {""ts"": 1778154547.9098368, ""value"": 100.0}, {""ts"": 1778154554.8215806, ""value"": 100.0}], ""battery_samples"": [{""ts"": 1778154535.1112876, ""value"": 57.0}, {""ts"": 1778154541.3761475, ""value"": 57.0}, {""ts"": 1778154547.9098368, ""value"": 57.0}, {""ts"": 1778154554.8215806, ""value"": 57.0}], ""temperature_samples"": [{""ts"": 1778154535.1112876, ""value"": null}, {""ts"": 1778154541.3761475, ""value"": null}, {""ts"": 1778154547.9098368, ""value"": null}, {""ts"": 1778154554.8215806, ""value"": null}], ""ram_samples"": [{""ts"": 1778154535.1112876, ""value"": 35.0}, {""ts"": 1778154541.3761475, ""value"": 35.0}, {""ts"": 1778154547.9098368, ""value"": 35.0}, {""ts"": 1778154554.8215806, ""value"": 35.0}], ""results"": [{""point"": ""B"", ""status"": ""SKIPPED"", ""attempts"": 2, ""started_at"": 1778154544.3454974, ""finished_at"": 1778154559.6460323, ""reach_time_sec"": null, ""distance_on_finish"": 1.4156128495198408, ""message"": ""6: nav2_msgs.action.NavigateToPose_Result(result=std_msgs.msg.Empty())""}]}",49:19.8,robot-a,6.799307426,"[{""ts"": 1778154535.1112876, ""value"": 97.0}, {""ts"": 1778154541.3761475, ""value"": 97.0}, {""ts"": 1778154547.9098368, ""value"": 100.0}, {""ts"": 1778154554.8215806, ""value"": 100.0}]","[{""ts"": 1778154535.1112876, ""value"": 25.0}, {""ts"": 1778154541.3761475, ""value"": 24.0}, {""ts"": 1778154547.9098368, ""value"": 24.0}, {""ts"": 1778154554.8215806, ""value"": 24.0}]","[{""ts"": 1778154535.1112876, ""value"": 85.9}, {""ts"": 1778154541.3761475, ""value"": 86.5}, {""ts"": 1778154547.9098368, ""value"": 87.0}, {""ts"": 1778154554.8215806, ""value"": 87.5}] ","[{""ts"": 1778154535.1112876, ""value"": 35.0}, {""ts"": 1778154541.3761475, ""value"": 35.0}, {""ts"": 1778154547.9098368, ""value"": 35.0}, {""ts"": 1778154554.8215806, ""value"": 35.0}]"
31,patrol_28d024b8,point_B,DONE,1778155068,1778155072,"{""mission_id"": ""patrol_28d024b8"", ""robot_id"": ""robot-a"", ""route_name"": ""point_B"", ""points"": [""B""], ""wait_sec_per_point"": 0, ""max_retry_per_point"": 1, ""skip_on_fail"": true, ""status"": ""DONE"", ""current_index"": 0, ""started_at"": 1778155068.4395812, ""finished_at"": 1778155071.907959, ""total_distance_m"": 0.0, ""cpu_samples"": [{""ts"": 1778155068.4410045, ""value"": 30.0}], ""battery_samples"": [{""ts"": 1778155068.4410045, ""value"": 71.0}], ""temperature_samples"": [{""ts"": 1778155068.4410045, ""value"": null}], ""ram_samples"": [{""ts"": 1778155068.4410045, ""value"": 32.0}], ""results"": [{""point"": ""B"", ""status"": ""SKIPPED"", ""attempts"": 2, ""started_at"": 1778155070.6176796, ""finished_at"": 1778155071.9074194, ""reach_time_sec"": null, ""distance_on_finish"": null, ""message"": ""nav2 goal rejected""}]}",57:51.9,robot-a,5.276418539,"[{""ts"": 1778155068.4410045, ""value"": 30.0}]","[{""ts"": 1778155068.4410045, ""value"": 98.0}]","[{""ts"": 1778155068.4410045, ""value"": 86.5}] ","[{""ts"": 1778155068.4410045, ""value"": 32.0}]"
32,patrol_50df4576,point_B,DONE,1778155253,1778155261,"{""mission_id"": ""patrol_50df4576"", ""robot_id"": ""robot-a"", ""route_name"": ""point_B"", ""points"": [""B""], ""wait_sec_per_point"": 0, ""max_retry_per_point"": 1, ""skip_on_fail"": true, ""status"": ""DONE"", ""current_index"": 0, ""started_at"": 1778155253.1719298, ""finished_at"": 1778155260.8996217, ""total_distance_m"": 0.0864348077174181, ""cpu_samples"": [{""ts"": 1778155253.1739368, ""value"": 100.0}], ""battery_samples"": [{""ts"": 1778155253.1739368, ""value"": 71.0}], ""temperature_samples"": [{""ts"": 1778155253.1739368, ""value"": null}], ""ram_samples"": [{""ts"": 1778155253.1739368, ""value"": 34.0}], ""results"": [{""point"": ""B"", ""status"": ""SKIPPED"", ""attempts"": 2, ""started_at"": 1778155258.3487809, ""finished_at"": 1778155260.8996217, ""reach_time_sec"": null, ""distance_on_finish"": 0.9372316827709658, ""message"": ""6: nav2_msgs.action.NavigateToPose_Result(result=std_msgs.msg.Empty())""}]}",01:00.9,robot-a,0.086434808,"[{""ts"": 1778155253.1739368, ""value"": 100.0}]","[{""ts"": 1778155253.1739368, ""value"": 94.0}]","[{""ts"": 1778155253.1739368, ""value"": 87.0}] ","[{""ts"": 1778155253.1739368, ""value"": 34.0}]"
33,patrol_36a1505c,point_D,DONE,1778155612,1778155752,"{""mission_id"": ""patrol_36a1505c"", ""robot_id"": ""robot-a"", ""route_name"": ""point_D"", ""points"": [""D""], ""wait_sec_per_point"": 0, ""max_retry_per_point"": 1, ""skip_on_fail"": true, ""status"": ""DONE"", ""current_index"": 0, ""started_at"": 1778155612.385573, ""finished_at"": 1778155751.6453915, ""total_distance_m"": null, ""cpu_samples"": [{""ts"": 1778155612.3872483, ""value"": 97.0}, {""ts"": 1778155618.287419, ""value"": 97.0}, {""ts"": 1778155624.2234097, ""value"": 100.0}, {""ts"": 1778155630.3277137, ""value"": 100.0}, {""ts"": 1778155636.3399227, ""value"": 100.0}, {""ts"": 1778155642.879098, ""value"": 92.0}, {""ts"": 1778155649.114045, ""value"": 97.0}, {""ts"": 1778155655.1728148, ""value"": 95.0}, {""ts"": 1778155661.1792681, ""value"": 100.0}, {""ts"": 1778155670.663373, ""value"": 100.0}, {""ts"": 1778155677.7128096, ""value"": 100.0}, {""ts"": 1778155683.5823262, ""value"": 95.0}, {""ts"": 1778155689.9971817, ""value"": 100.0}, {""ts"": 1778155696.9381788, ""value"": 97.0}, {""ts"": 1778155703.116432, ""value"": 100.0}, {""ts"": 1778155709.9330251, ""value"": null}, {""ts"": 1778155719.944704, ""value"": null}, {""ts"": 1778155730.1456313, ""value"": null}, {""ts"": 1778155740.363749, ""value"": null}, {""ts"": 1778155750.5669334, ""value"": null}], ""battery_samples"": [{""ts"": 1778155612.3872483, ""value"": 71.0}, {""ts"": 1778155618.287419, ""value"": 71.0}, {""ts"": 1778155624.2234097, ""value"": 71.0}, {""ts"": 1778155630.3277137, ""value"": 71.0}, {""ts"": 1778155636.3399227, ""value"": 71.0}, {""ts"": 1778155642.879098, ""value"": 71.0}, {""ts"": 1778155649.114045, ""value"": 71.0}, {""ts"": 1778155655.1728148, ""value"": 71.0}, {""ts"": 1778155661.1792681, ""value"": 71.0}, {""ts"": 1778155670.663373, ""value"": 71.0}, {""ts"": 1778155677.7128096, ""value"": 71.0}, {""ts"": 1778155683.5823262, ""value"": 71.0}, {""ts"": 1778155689.9971817, ""value"": 71.0}, {""ts"": 1778155696.9381788, ""value"": 71.0}, {""ts"": 1778155703.116432, ""value"": 71.0}, {""ts"": 1778155709.9330251, ""value"": 71.0}, {""ts"": 1778155719.944704, ""value"": 71.0}, {""ts"": 1778155730.1456313, ""value"": 71.0}, {""ts"": 1778155740.363749, ""value"": 71.0}, {""ts"": 1778155750.5669334, ""value"": 71.0}], ""temperature_samples"": [{""ts"": 1778155612.3872483, ""value"": null}, {""ts"": 1778155618.287419, ""value"": null}, {""ts"": 1778155624.2234097, ""value"": null}, {""ts"": 1778155630.3277137, ""value"": null}, {""ts"": 1778155636.3399227, ""value"": null}, {""ts"": 1778155642.879098, ""value"": null}, {""ts"": 1778155649.114045, ""value"": null}, {""ts"": 1778155655.1728148, ""value"": null}, {""ts"": 1778155661.1792681, ""value"": null}, {""ts"": 1778155670.663373, ""value"": null}, {""ts"": 1778155677.7128096, ""value"": null}, {""ts"": 1778155683.5823262, ""value"": null}, {""ts"": 1778155689.9971817, ""value"": null}, {""ts"": 1778155696.9381788, ""value"": null}, {""ts"": 1778155703.116432, ""value"": null}, {""ts"": 1778155709.9330251, ""value"": null}, {""ts"": 1778155719.944704, ""value"": null}, {""ts"": 1778155730.1456313, ""value"": null}, {""ts"": 1778155740.363749, ""value"": null}, {""ts"": 1778155750.5669334, ""value"": null}], ""ram_samples"": [{""ts"": 1778155612.3872483, ""value"": 34.0}, {""ts"": 1778155618.287419, ""value"": 35.0}, {""ts"": 1778155624.2234097, ""value"": 35.0}, {""ts"": 1778155630.3277137, ""value"": 36.0}, {""ts"": 1778155636.3399227, ""value"": 36.0}, {""ts"": 1778155642.879098, ""value"": 35.0}, {""ts"": 1778155649.114045, ""value"": 35.0}, {""ts"": 1778155655.1728148, ""value"": 35.0}, {""ts"": 1778155661.1792681, ""value"": 35.0}, {""ts"": 1778155670.663373, ""value"": 36.0}, {""ts"": 1778155677.7128096, ""value"": 35.0}, {""ts"": 1778155683.5823262, ""value"": 36.0}, {""ts"": 1778155689.9971817, ""value"": 35.0}, {""ts"": 1778155696.9381788, ""value"": 35.0}, {""ts"": 1778155703.116432, ""value"": 35.0}, {""ts"": 1778155709.9330251, ""value"": null}, {""ts"": 1778155719.944704, ""value"": null}, {""ts"": 1778155730.1456313, ""value"": null}, {""ts"": 1778155740.363749, ""value"": null}, {""ts"": 1778155750.5669334, ""value"": null}], ""results"": [{""point"": ""D"", ""status"": ""SKIPPED"", ""attempts"": 2, ""started_at"": 1778155741.6192508, ""finished_at"": 1778155741.6192508, ""reach_time_sec"": null, ""distance_on_finish"": 1.1956808736037874, ""message"": ""set_goal_pose failed: HTTPConnectionPool(host='100.95.128.237', port=8080): Max retries exceeded with url: /set_goal_pose?x=0.5073997705248892&y=-0.7758902504229338&yaw=-0.7949268882905423 (Caused by ConnectTimeoutError(<urllib3.connection.HTTPConnection object at 0x0000027232363A70>, 'Connection to 100.95.128.237 timed out. (connect timeout=5)'))""}]}",09:16.7,robot-a,4.628153947,"[{""ts"": 1778155612.3872483, ""value"": 97.0}, {""ts"": 1778155618.287419, ""value"": 97.0}, {""ts"": 1778155624.2234097, ""value"": 100.0}, {""ts"": 1778155630.3277137, ""value"": 100.0}, {""ts"": 1778155636.3399227, ""value"": 100.0}, {""ts"": 1778155642.879098, ""value"": 92.0}, {""ts"": 1778155649.114045, ""value"": 97.0}, {""ts"": 1778155655.1728148, ""value"": 95.0}, {""ts"": 1778155661.1792681, ""value"": 100.0}, {""ts"": 1778155670.663373, ""value"": 100.0}, {""ts"": 1778155677.7128096, ""value"": 100.0}, {""ts"": 1778155683.5823262, ""value"": 95.0}, {""ts"": 1778155689.9971817, ""value"": 100.0}, {""ts"": 1778155696.9381788, ""value"": 97.0}, {""ts"": 1778155703.116432, ""value"": 100.0}, {""ts"": 1778155709.9330251, ""value"": null}, {""ts"": 1778155719.944704, ""value"": null}, {""ts"": 1778155730.1456313, ""value"": null}, {""ts"": 1778155740.363749, ""value"": null}, {""ts"": 1778155750.5669334, ""value"": null}]","[{""ts"": 1778155612.3872483, ""value"": 89.0}, {""ts"": 1778155618.287419, ""value"": 89.0}, {""ts"": 1778155624.2234097, ""value"": 88.0}, {""ts"": 1778155630.3277137, ""value"": 88.0}, {""ts"": 1778155636.3399227, ""value"": 88.0}, {""ts"": 1778155642.879098, ""value"": 88.0}, {""ts"": 1778155649.114045, ""value"": 87.0}, {""ts"": 1778155655.1728148, ""value"": 87.0}, {""ts"": 1778155661.1792681, ""value"": 87.0}, {""ts"": 1778155670.663373, ""value"": 87.0}, {""ts"": 1778155677.7128096, ""value"": 87.0}, {""ts"": 1778155683.5823262, ""value"": 87.0}, {""ts"": 1778155689.9971817, ""value"": 87.0}, {""ts"": 1778155696.9381788, ""value"": 86.0}, {""ts"": 1778155703.116432, ""value"": 86.0}, {""ts"": 1778155709.9330251, ""value"": 86.0}, {""ts"": 1778155719.944704, ""value"": 86.0}, {""ts"": 1778155730.1456313, ""value"": 86.0}, {""ts"": 1778155740.363749, ""value"": 86.0}, {""ts"": 1778155750.5669334, ""value"": 85.0}]","[{""ts"": 1778155612.3872483, ""value"": 85.3}, {""ts"": 1778155618.287419, ""value"": 85.9}, {""ts"": 1778155624.2234097, ""value"": 86.5}, {""ts"": 1778155630.3277137, ""value"": 87.0}, {""ts"": 1778155636.3399227, ""value"": 87.5}, {""ts"": 1778155642.879098, ""value"": 88.1}, {""ts"": 1778155649.114045, ""value"": 87.5}, {""ts"": 1778155655.1728148, ""value"": 87.0}, {""ts"": 1778155661.1792681, ""value"": 86.5}, {""ts"": 1778155670.663373, ""value"": 87.0}, {""ts"": 1778155677.7128096, ""value"": 87.5}, {""ts"": 1778155683.5823262, ""value"": 88.1}, {""ts"": 1778155689.9971817, ""value"": 87.5}, {""ts"": 1778155696.9381788, ""value"": 87.0}, {""ts"": 1778155703.116432, ""value"": 86.5}, {""ts"": 1778155709.9330251, ""value"": 87.0}, {""ts"": 1778155719.944704, ""value"": 87.5}, {""ts"": 1778155730.1456313, ""value"": 88.1}, {""ts"": 1778155740.363749, ""value"": 87.5}, {""ts"": 1778155750.5669334, ""value"": 87.0}] ","[{""ts"": 1778155612.3872483, ""value"": 34.0}, {""ts"": 1778155618.287419, ""value"": 35.0}, {""ts"": 1778155624.2234097, ""value"": 35.0}, {""ts"": 1778155630.3277137, ""value"": 36.0}, {""ts"": 1778155636.3399227, ""value"": 36.0}, {""ts"": 1778155642.879098, ""value"": 35.0}, {""ts"": 1778155649.114045, ""value"": 35.0}, {""ts"": 1778155655.1728148, ""value"": 35.0}, {""ts"": 1778155661.1792681, ""value"": 35.0}, {""ts"": 1778155670.663373, ""value"": 36.0}, {""ts"": 1778155677.7128096, ""value"": 35.0}, {""ts"": 1778155683.5823262, ""value"": 36.0}, {""ts"": 1778155689.9971817, ""value"": 35.0}, {""ts"": 1778155696.9381788, ""value"": 35.0}, {""ts"": 1778155703.116432, ""value"": 35.0}, {""ts"": 1778155709.9330251, ""value"": null}, {""ts"": 1778155719.944704, ""value"": null}, {""ts"": 1778155730.1456313, ""value"": null}, {""ts"": 1778155740.363749, ""value"": null}, {""ts"": 1778155750.5669334, ""value"": null}]"
34,patrol_1d449eb0,point_C,DONE,1778166696,1778166710,"{""mission_id"": ""patrol_1d449eb0"", ""robot_id"": ""robot-a"", ""route_name"": ""point_C"", ""points"": [""C""], ""wait_sec_per_point"": 0, ""max_retry_per_point"": 1, ""skip_on_fail"": true, ""status"": ""DONE"", ""current_index"": 0, ""started_at"": 1778166695.8032558, ""finished_at"": 1778166709.9133897, ""total_distance_m"": 6.564210667685788, ""cpu_samples"": [{""ts"": 1778166695.8057714, ""value"": 94.0}, {""ts"": 1778166701.8750486, ""value"": 92.0}, {""ts"": 1778166707.9253879, ""value"": 95.0}], ""battery_samples"": [{""ts"": 1778166695.8057714, ""value"": 99.0}, {""ts"": 1778166701.8750486, ""value"": 99.0}, {""ts"": 1778166707.9253879, ""value"": 99.0}], ""temperature_samples"": [{""ts"": 1778166695.8057714, ""value"": null}, {""ts"": 1778166701.8750486, ""value"": null}, {""ts"": 1778166707.9253879, ""value"": null}], ""ram_samples"": [{""ts"": 1778166695.8057714, ""value"": 34.0}, {""ts"": 1778166701.8750486, ""value"": 34.0}, {""ts"": 1778166707.9253879, ""value"": 35.0}], ""results"": [{""point"": ""C"", ""status"": ""SUCCESS"", ""attempts"": 1, ""started_at"": 1778166695.8477888, ""finished_at"": 1778166709.9133897, ""reach_time_sec"": 14.065600872039795, ""distance_on_finish"": 0.21200435180712104, ""message"": ""reached""}]}",11:50.0,robot-a,6.564210668,"[{""ts"": 1778166695.8057714, ""value"": 94.0}, {""ts"": 1778166701.8750486, ""value"": 92.0}, {""ts"": 1778166707.9253879, ""value"": 95.0}]","[{""ts"": 1778166695.8057714, ""value"": 80.0}, {""ts"": 1778166701.8750486, ""value"": 80.0}, {""ts"": 1778166707.9253879, ""value"": 80.0}]","[{""ts"": 1778166695.8057714, ""value"": 85.9}, {""ts"": 1778166701.8750486, ""value"": 86.5}, {""ts"": 1778166707.9253879, ""value"": 87.0}] ","[{""ts"": 1778166695.8057714, ""value"": 34.0}, {""ts"": 1778166701.8750486, ""value"": 34.0}, {""ts"": 1778166707.9253879, ""value"": 35.0}]"
35,patrol_56e6c5bb,point_A,DONE,1778166714,1778166727,"{""mission_id"": ""patrol_56e6c5bb"", ""robot_id"": ""robot-a"", ""route_name"": ""point_A"", ""points"": [""A""], ""wait_sec_per_point"": 0, ""max_retry_per_point"": 1, ""skip_on_fail"": true, ""status"": ""DONE"", ""current_index"": 0, ""started_at"": 1778166713.6146314, ""finished_at"": 1778166726.7096772, ""total_distance_m"": 7.145463674680868, ""cpu_samples"": [{""ts"": 1778166713.61862, ""value"": 97.0}, {""ts"": 1778166719.6035395, ""value"": 100.0}, {""ts"": 1778166725.6520236, ""value"": 97.0}], ""battery_samples"": [{""ts"": 1778166713.61862, ""value"": 99.0}, {""ts"": 1778166719.6035395, ""value"": 99.0}, {""ts"": 1778166725.6520236, ""value"": 99.0}], ""temperature_samples"": [{""ts"": 1778166713.61862, ""value"": null}, {""ts"": 1778166719.6035395, ""value"": null}, {""ts"": 1778166725.6520236, ""value"": null}], ""ram_samples"": [{""ts"": 1778166713.61862, ""value"": 35.0}, {""ts"": 1778166719.6035395, ""value"": 34.0}, {""ts"": 1778166725.6520236, ""value"": 34.0}], ""results"": [{""point"": ""A"", ""status"": ""SUCCESS"", ""attempts"": 1, ""started_at"": 1778166713.6517503, ""finished_at"": 1778166726.7096772, ""reach_time_sec"": 13.057926893234253, ""distance_on_finish"": 0.1823938941248404, ""message"": ""reached""}]}",12:06.7,robot-a,7.145463675,"[{""ts"": 1778166713.61862, ""value"": 97.0}, {""ts"": 1778166719.6035395, ""value"": 100.0}, {""ts"": 1778166725.6520236, ""value"": 97.0}]","[{""ts"": 1778166713.61862, ""value"": 75.0}, {""ts"": 1778166719.6035395, ""value"": 75.0}, {""ts"": 1778166725.6520236, ""value"": 74.0}]","[{""ts"": 1778166713.61862, ""value"": 86.5}, {""ts"": 1778166719.6035395, ""value"": 87.0}, {""ts"": 1778166725.6520236, ""value"": 87.5}] ","[{""ts"": 1778166713.61862, ""value"": 35.0}, {""ts"": 1778166719.6035395, ""value"": 34.0}, {""ts"": 1778166725.6520236, ""value"": 34.0}]"
36,patrol_6c915afe,point_D,DONE,1778166730,1778166748,"{""mission_id"": ""patrol_6c915afe"", ""robot_id"": ""robot-a"", ""route_name"": ""point_D"", ""points"": [""D""], ""wait_sec_per_point"": 0, ""max_retry_per_point"": 1, ""skip_on_fail"": true, ""status"": ""DONE"", ""current_index"": 0, ""started_at"": 1778166729.9238946, ""finished_at"": 1778166747.548901, ""total_distance_m"": 8.661675510795607, ""cpu_samples"": [{""ts"": 1778166729.9259129, ""value"": 100.0}, {""ts"": 1778166735.9464326, ""value"": 100.0}, {""ts"": 1778166742.1525493, ""value"": 92.0}], ""battery_samples"": [{""ts"": 1778166729.9259129, ""value"": 99.0}, {""ts"": 1778166735.9464326, ""value"": 99.0}, {""ts"": 1778166742.1525493, ""value"": 99.0}], ""temperature_samples"": [{""ts"": 1778166729.9259129, ""value"": null}, {""ts"": 1778166735.9464326, ""value"": null}, {""ts"": 1778166742.1525493, ""value"": null}], ""ram_samples"": [{""ts"": 1778166729.9259129, ""value"": 34.0}, {""ts"": 1778166735.9464326, ""value"": 34.0}, {""ts"": 1778166742.1525493, ""value"": 34.0}], ""results"": [{""point"": ""D"", ""status"": ""SUCCESS"", ""attempts"": 1, ""started_at"": 1778166729.966556, ""finished_at"": 1778166747.548901, ""reach_time_sec"": 17.582345008850098, ""distance_on_finish"": 0.20282531789663705, ""message"": ""reached""}]}",12:27.7,robot-a,8.661675511,"[{""ts"": 1778166729.9259129, ""value"": 100.0}, {""ts"": 1778166735.9464326, ""value"": 100.0}, {""ts"": 1778166742.1525493, ""value"": 92.0}]","[{""ts"": 1778166729.9259129, ""value"": 68.0}, {""ts"": 1778166735.9464326, ""value"": 67.0}, {""ts"": 1778166742.1525493, ""value"": 67.0}]","[{""ts"": 1778166729.9259129, ""value"": 85.9}, {""ts"": 1778166735.9464326, ""value"": 86.5}, {""ts"": 1778166742.1525493, ""value"": 87.0}]","[{""ts"": 1778166729.9259129, ""value"": 34.0}, {""ts"": 1778166735.9464326, ""value"": 34.0}, {""ts"": 1778166742.1525493, ""value"": 34.0}]"
37,patrol_3cc2959c,point_A,STOPPED,1778168392,1778168452,"{""mission_id"": ""patrol_3cc2959c"", ""robot_id"": ""robot-a"", ""route_name"": ""point_A"", ""points"": [""A""], ""wait_sec_per_point"": 0, ""max_retry_per_point"": 1, ""skip_on_fail"": true, ""status"": ""STOPPED"", ""current_index"": 0, ""started_at"": 1778168392.4883347, ""finished_at"": 1778168452.4582314, ""total_distance_m"": 5.318667605805812, ""cpu_samples"": [{""ts"": 1778168392.4908416, ""value"": 56.0}, {""ts"": 1778168398.1802566, ""value"": 89.0}, {""ts"": 1778168404.063167, ""value"": 100.0}, {""ts"": 1778168409.7029295, ""value"": 97.0}, {""ts"": 1778168415.7253551, ""value"": 90.0}, {""ts"": 1778168421.6776257, ""value"": 94.0}, {""ts"": 1778168427.5704136, ""value"": 89.0}, {""ts"": 1778168433.3567286, ""value"": 92.0}, {""ts"": 1778168439.2093568, ""value"": 100.0}, {""ts"": 1778168445.2027767, ""value"": 92.0}, {""ts"": 1778168450.900425, ""value"": 97.0}], ""battery_samples"": [{""ts"": 1778168392.4908416, ""value"": 98.0}, {""ts"": 1778168398.1802566, ""value"": 98.0}, {""ts"": 1778168404.063167, ""value"": 98.0}, {""ts"": 1778168409.7029295, ""value"": 98.0}, {""ts"": 1778168415.7253551, ""value"": 98.0}, {""ts"": 1778168421.6776257, ""value"": 98.0}, {""ts"": 1778168427.5704136, ""value"": 98.0}, {""ts"": 1778168433.3567286, ""value"": 98.0}, {""ts"": 1778168439.2093568, ""value"": 98.0}, {""ts"": 1778168445.2027767, ""value"": 98.0}, {""ts"": 1778168450.900425, ""value"": 98.0}], ""temperature_samples"": [{""ts"": 1778168392.4908416, ""value"": 85.3}, {""ts"": 1778168398.1802566, ""value"": 85.3}, {""ts"": 1778168404.063167, ""value"": 85.9}, {""ts"": 1778168409.7029295, ""value"": 85.9}, {""ts"": 1778168415.7253551, ""value"": 85.9}, {""ts"": 1778168421.6776257, ""value"": 84.8}, {""ts"": 1778168427.5704136, ""value"": 86.5}, {""ts"": 1778168433.3567286, ""value"": 85.9}, {""ts"": 1778168439.2093568, ""value"": 85.9}, {""ts"": 1778168445.2027767, ""value"": 85.9}, {""ts"": 1778168450.900425, ""value"": 85.9}], ""ram_samples"": [{""ts"": 1778168392.4908416, ""value"": 32.7}, {""ts"": 1778168398.1802566, ""value"": 32.8}, {""ts"": 1778168404.063167, ""value"": 33.0}, {""ts"": 1778168409.7029295, ""value"": 32.6}, {""ts"": 1778168415.7253551, ""value"": 32.4}, {""ts"": 1778168421.6776257, ""value"": 33.3}, {""ts"": 1778168427.5704136, ""value"": 33.0}, {""ts"": 1778168433.3567286, ""value"": 33.0}, {""ts"": 1778168439.2093568, ""value"": 32.5}, {""ts"": 1778168445.2027767, ""value"": 32.6}, {""ts"": 1778168450.900425, ""value"": 32.8}], ""results"": [{""point"": ""A"", ""status"": ""ABORTED"", ""attempts"": 1, ""started_at"": 1778168392.521774, ""finished_at"": 1778168452.4582314, ""reach_time_sec"": null, ""distance_on_finish"": 0.20914903744525418, ""message"": ""mission stopped""}]}",40:52.5,robot-a,5.318667606,"[{""ts"": 1778168392.4908416, ""value"": 56.0}, {""ts"": 1778168398.1802566, ""value"": 89.0}, {""ts"": 1778168404.063167, ""value"": 100.0}, {""ts"": 1778168409.7029295, ""value"": 97.0}, {""ts"": 1778168415.7253551, ""value"": 90.0}, {""ts"": 1778168421.6776257, ""value"": 94.0}, {""ts"": 1778168427.5704136, ""value"": 89.0}, {""ts"": 1778168433.3567286, ""value"": 92.0}, {""ts"": 1778168439.2093568, ""value"": 100.0}, {""ts"": 1778168445.2027767, ""value"": 92.0}, {""ts"": 1778168450.900425, ""value"": 97.0}]","[{""ts"": 1778168392.4908416, ""value"": 62.0}, {""ts"": 1778168398.1802566, ""value"": 62.0}, {""ts"": 1778168404.063167, ""value"": 62.0}, {""ts"": 1778168409.7029295, ""value"": 62.0}, {""ts"": 1778168415.7253551, ""value"": 61.0}, {""ts"": 1778168421.6776257, ""value"": 61.0}, {""ts"": 1778168427.5704136, ""value"": 61.0}, {""ts"": 1778168433.3567286, ""value"": 61.0}, {""ts"": 1778168439.2093568, ""value"": 61.0}, {""ts"": 1778168445.2027767, ""value"": 61.0}, {""ts"": 1778168450.900425, ""value"": 60.0}]","[{""ts"": 1778168392.4908416, ""value"": 85.3}, {""ts"": 1778168398.1802566, ""value"": 85.3}, {""ts"": 1778168404.063167, ""value"": 85.9}, {""ts"": 1778168409.7029295, ""value"": 85.9}, {""ts"": 1778168415.7253551, ""value"": 85.9}, {""ts"": 1778168421.6776257, ""value"": 84.8}, {""ts"": 1778168427.5704136, ""value"": 86.5}, {""ts"": 1778168433.3567286, ""value"": 85.9}, {""ts"": 1778168439.2093568, ""value"": 85.9}, {""ts"": 1778168445.2027767, ""value"": 85.9}, {""ts"": 1778168450.900425, ""value"": 85.9}]","[{""ts"": 1778168392.4908416, ""value"": 32.7}, {""ts"": 1778168398.1802566, ""value"": 32.8}, {""ts"": 1778168404.063167, ""value"": 33.0}, {""ts"": 1778168409.7029295, ""value"": 32.6}, {""ts"": 1778168415.7253551, ""value"": 32.4}, {""ts"": 1778168421.6776257, ""value"": 33.3}, {""ts"": 1778168427.5704136, ""value"": 33.0}, {""ts"": 1778168433.3567286, ""value"": 33.0}, {""ts"": 1778168439.2093568, ""value"": 32.5}, {""ts"": 1778168445.2027767, ""value"": 32.6}, {""ts"": 1778168450.900425, ""value"": 32.8}]"
38,patrol_ecdae647,point_C,DONE,1778168461,1778168477,"{""mission_id"": ""patrol_ecdae647"", ""robot_id"": ""robot-a"", ""route_name"": ""point_C"", ""points"": [""C""], ""wait_sec_per_point"": 0, ""max_retry_per_point"": 1, ""skip_on_fail"": true, ""status"": ""DONE"", ""current_index"": 0, ""started_at"": 1778168460.678613, ""finished_at"": 1778168477.3965602, ""total_distance_m"": 5.817468825645963, ""cpu_samples"": [{""ts"": 1778168460.6806278, ""value"": 100.0}, {""ts"": 1778168467.0593932, ""value"": 100.0}, {""ts"": 1778168473.60243, ""value"": 100.0}], ""battery_samples"": [{""ts"": 1778168460.6806278, ""value"": 98.0}, {""ts"": 1778168467.0593932, ""value"": 98.0}, {""ts"": 1778168473.60243, ""value"": 98.0}], ""temperature_samples"": [{""ts"": 1778168460.6806278, ""value"": 86.5}, {""ts"": 1778168467.0593932, ""value"": 85.3}, {""ts"": 1778168473.60243, ""value"": 87.5}], ""ram_samples"": [{""ts"": 1778168460.6806278, ""value"": 37.7}, {""ts"": 1778168467.0593932, ""value"": 37.4}, {""ts"": 1778168473.60243, ""value"": 39.1}], ""results"": [{""point"": ""C"", ""status"": ""SUCCESS"", ""attempts"": 2, ""started_at"": 1778168463.1024525, ""finished_at"": 1778168477.395442, ""reach_time_sec"": 14.292989492416382, ""distance_on_finish"": 0.31392271190537024, ""message"": ""reached""}]}",41:17.4,robot-a,5.817468826,"[{""ts"": 1778168460.6806278, ""value"": 100.0}, {""ts"": 1778168467.0593932, ""value"": 100.0}, {""ts"": 1778168473.60243, ""value"": 100.0}]","[{""ts"": 1778168460.6806278, ""value"": 57.0}, {""ts"": 1778168467.0593932, ""value"": 57.0}, {""ts"": 1778168473.60243, ""value"": 56.0}]","[{""ts"": 1778168460.6806278, ""value"": 86.5}, {""ts"": 1778168467.0593932, ""value"": 85.3}, {""ts"": 1778168473.60243, ""value"": 87.5}]","[{""ts"": 1778168460.6806278, ""value"": 37.7}, {""ts"": 1778168467.0593932, ""value"": 37.4}, {""ts"": 1778168473.60243, ""value"": 39.1}]"
39,patrol_1d5c1410,point_A,DONE,1778169292,1778169308,"{""mission_id"": ""patrol_1d5c1410"", ""robot_id"": ""robot-a"", ""route_name"": ""point_A"", ""points"": [""A""], ""wait_sec_per_point"": 0, ""max_retry_per_point"": 1, ""skip_on_fail"": true, ""status"": ""DONE"", ""current_index"": 0, ""started_at"": 1778169291.6145797, ""finished_at"": 1778169308.4471147, ""total_distance_m"": 6.149870710337264, ""cpu_samples"": [{""ts"": 1778169291.618305, ""value"": 100.0}, {""ts"": 1778169297.6586747, ""value"": 100.0}, {""ts"": 1778169303.635153, ""value"": 97.0}], ""battery_samples"": [{""ts"": 1778169291.618305, ""value"": 53.0}, {""ts"": 1778169297.6586747, ""value"": 53.0}, {""ts"": 1778169303.635153, ""value"": 53.0}], ""temperature_samples"": [{""ts"": 1778169291.618305, ""value"": 88.1}, {""ts"": 1778169297.6586747, ""value"": 87.0}, {""ts"": 1778169303.635153, ""value"": 87.5}], ""ram_samples"": [{""ts"": 1778169291.618305, ""value"": 35.9}, {""ts"": 1778169297.6586747, ""value"": 36.0}, {""ts"": 1778169303.635153, ""value"": 35.9}], ""results"": [{""point"": ""A"", ""status"": ""SUCCESS"", ""attempts"": 1, ""started_at"": 1778169291.654062, ""finished_at"": 1778169308.4471147, ""reach_time_sec"": 16.793052673339844, ""distance_on_finish"": 0.25769224645374833, ""message"": ""reached""}]}",55:08.5,robot-a,6.14987071,"[{""ts"": 1778169291.618305, ""value"": 100.0}, {""ts"": 1778169297.6586747, ""value"": 100.0}, {""ts"": 1778169303.635153, ""value"": 97.0}]","[{""ts"": 1778169291.618305, ""value"": 54.0}, {""ts"": 1778169297.6586747, ""value"": 54.0}, {""ts"": 1778169303.635153, ""value"": 54.0}]","[{""ts"": 1778169291.618305, ""value"": 88.1}, {""ts"": 1778169297.6586747, ""value"": 87.0}, {""ts"": 1778169303.635153, ""value"": 87.5}]","[{""ts"": 1778169291.618305, ""value"": 35.9}, {""ts"": 1778169297.6586747, ""value"": 36.0}, {""ts"": 1778169303.635153, ""value"": 35.9}]"
40,patrol_d1d18e53,point_D,DONE,1778169311,1778169325,"{""mission_id"": ""patrol_d1d18e53"", ""robot_id"": ""robot-a"", ""route_name"": ""point_D"", ""points"": [""D""], ""wait_sec_per_point"": 0, ""max_retry_per_point"": 1, ""skip_on_fail"": true, ""status"": ""DONE"", ""current_index"": 0, ""started_at"": 1778169310.5204647, ""finished_at"": 1778169325.4231424, ""total_distance_m"": 7.4084919943735414, ""cpu_samples"": [{""ts"": 1778169310.5235744, ""value"": 97.0}, {""ts"": 1778169316.5061898, ""value"": 100.0}, {""ts"": 1778169322.71447, ""value"": 100.0}], ""battery_samples"": [{""ts"": 1778169310.5235744, ""value"": 53.0}, {""ts"": 1778169316.5061898, ""value"": 53.0}, {""ts"": 1778169322.71447, ""value"": 53.0}], ""temperature_samples"": [{""ts"": 1778169310.5235744, ""value"": 87.5}, {""ts"": 1778169316.5061898, ""value"": 87.0}, {""ts"": 1778169322.71447, ""value"": 86.5}], ""ram_samples"": [{""ts"": 1778169310.5235744, ""value"": 36.9}, {""ts"": 1778169316.5061898, ""value"": 35.9}, {""ts"": 1778169322.71447, ""value"": 36.1}], ""results"": [{""point"": ""D"", ""status"": ""SUCCESS"", ""attempts"": 1, ""started_at"": 1778169310.653515, ""finished_at"": 1778169325.4231424, ""reach_time_sec"": 14.769627332687378, ""distance_on_finish"": 0.28819296431607894, ""message"": ""reached""}]}",55:25.5,robot-a,7.408491994,"[{""ts"": 1778169310.5235744, ""value"": 97.0}, {""ts"": 1778169316.5061898, ""value"": 100.0}, {""ts"": 1778169322.71447, ""value"": 100.0}]","[{""ts"": 1778169310.5235744, ""value"": 51.0}, {""ts"": 1778169316.5061898, ""value"": 50.0}, {""ts"": 1778169322.71447, ""value"": 50.0}]","[{""ts"": 1778169310.5235744, ""value"": 87.5}, {""ts"": 1778169316.5061898, ""value"": 87.0}, {""ts"": 1778169322.71447, ""value"": 86.5}]","[{""ts"": 1778169310.5235744, ""value"": 36.9}, {""ts"": 1778169316.5061898, ""value"": 35.9}, {""ts"": 1778169322.71447, ""value"": 36.1}]"
41,patrol_ca04c780,saved_points_route,DONE,1778169327,1778169384,"{""mission_id"": ""patrol_ca04c780"", ""robot_id"": ""robot-a"", ""route_name"": ""saved_points_route"", ""points"": [""A"", ""B"", ""C"", ""D""], ""wait_sec_per_point"": 3, ""max_retry_per_point"": 1, ""skip_on_fail"": true, ""status"": ""DONE"", ""current_index"": 3, ""started_at"": 1778169327.4176452, ""finished_at"": 1778169384.0914066, ""total_distance_m"": 10.531785304940144, ""cpu_samples"": [{""ts"": 1778169327.4206452, ""value"": 100.0}, {""ts"": 1778169333.4461842, ""value"": 100.0}, {""ts"": 1778169339.6345315, ""value"": 100.0}, {""ts"": 1778169345.7327907, ""value"": 97.0}, {""ts"": 1778169351.9167964, ""value"": 100.0}, {""ts"": 1778169357.7326245, ""value"": 95.0}, {""ts"": 1778169363.5421383, ""value"": 97.0}, {""ts"": 1778169369.6666255, ""value"": 97.0}, {""ts"": 1778169375.63737, ""value"": 85.0}, {""ts"": 1778169381.5867908, ""value"": 100.0}], ""battery_samples"": [{""ts"": 1778169327.4206452, ""value"": 53.0}, {""ts"": 1778169333.4461842, ""value"": 53.0}, {""ts"": 1778169339.6345315, ""value"": 53.0}, {""ts"": 1778169345.7327907, ""value"": 53.0}, {""ts"": 1778169351.9167964, ""value"": 53.0}, {""ts"": 1778169357.7326245, ""value"": 53.0}, {""ts"": 1778169363.5421383, ""value"": 53.0}, {""ts"": 1778169369.6666255, ""value"": 53.0}, {""ts"": 1778169375.63737, ""value"": 53.0}, {""ts"": 1778169381.5867908, ""value"": 53.0}], ""temperature_samples"": [{""ts"": 1778169327.4206452, ""value"": 87.0}, {""ts"": 1778169333.4461842, ""value"": 87.5}, {""ts"": 1778169339.6345315, ""value"": 86.5}, {""ts"": 1778169345.7327907, ""value"": 87.5}, {""ts"": 1778169351.9167964, ""value"": 87.5}, {""ts"": 1778169357.7326245, ""value"": 87.5}, {""ts"": 1778169363.5421383, ""value"": 86.5}, {""ts"": 1778169369.6666255, ""value"": 87.5}, {""ts"": 1778169375.63737, ""value"": 88.1}, {""ts"": 1778169381.5867908, ""value"": 87.0}], ""ram_samples"": [{""ts"": 1778169327.4206452, ""value"": 36.7}, {""ts"": 1778169333.4461842, ""value"": 36.2}, {""ts"": 1778169339.6345315, ""value"": 36.4}, {""ts"": 1778169345.7327907, ""value"": 37.1}, {""ts"": 1778169351.9167964, ""value"": 36.9}, {""ts"": 1778169357.7326245, ""value"": 36.0}, {""ts"": 1778169363.5421383, ""value"": 36.3}, {""ts"": 1778169369.6666255, ""value"": 36.5}, {""ts"": 1778169375.63737, ""value"": 36.5}, {""ts"": 1778169381.5867908, ""value"": 37.0}], ""results"": [{""point"": ""A"", ""status"": ""SUCCESS"", ""attempts"": 1, ""started_at"": 1778169327.5348358, ""finished_at"": 1778169341.9713576, ""reach_time_sec"": 14.436521768569946, ""distance_on_finish"": 0.23777916037765148, ""message"": ""reached""}, {""point"": ""B"", ""status"": ""SUCCESS"", ""attempts"": 1, ""started_at"": 1778169344.9751334, ""finished_at"": 1778169356.899114, ""reach_time_sec"": 11.923980474472046, ""distance_on_finish"": 0.44303308956640564, ""message"": ""reached""}, {""point"": ""C"", ""status"": ""SUCCESS"", ""attempts"": 1, ""started_at"": 1778169359.8996634, ""finished_at"": 1778169372.3394246, ""reach_time_sec"": 12.4397611618042, ""distance_on_finish"": 0.22524391916874628, ""message"": ""reached""}, {""point"": ""D"", ""status"": ""SUCCESS"", ""attempts"": 1, ""started_at"": 1778169375.3404882, ""finished_at"": 1778169381.090875, ""reach_time_sec"": 5.750386714935303, ""distance_on_finish"": 0.32115028188018985, ""message"": ""reached""}]}",56:24.1,robot-a,10.5317853,"[{""ts"": 1778169327.4206452, ""value"": 100.0}, {""ts"": 1778169333.4461842, ""value"": 100.0}, {""ts"": 1778169339.6345315, ""value"": 100.0}, {""ts"": 1778169345.7327907, ""value"": 97.0}, {""ts"": 1778169351.9167964, ""value"": 100.0}, {""ts"": 1778169357.7326245, ""value"": 95.0}, {""ts"": 1778169363.5421383, ""value"": 97.0}, {""ts"": 1778169369.6666255, ""value"": 97.0}, {""ts"": 1778169375.63737, ""value"": 85.0}, {""ts"": 1778169381.5867908, ""value"": 100.0}]","[{""ts"": 1778169327.4206452, ""value"": 46.0}, {""ts"": 1778169333.4461842, ""value"": 45.0}, {""ts"": 1778169339.6345315, ""value"": 44.0}, {""ts"": 1778169345.7327907, ""value"": 44.0}, {""ts"": 1778169351.9167964, ""value"": 44.0}, {""ts"": 1778169357.7326245, ""value"": 44.0}, {""ts"": 1778169363.5421383, ""value"": 44.0}, {""ts"": 1778169369.6666255, ""value"": 44.0}, {""ts"": 1778169375.63737, ""value"": 44.0}, {""ts"": 1778169381.5867908, ""value"": 43.0}]","[{""ts"": 1778169327.4206452, ""value"": 87.0}, {""ts"": 1778169333.4461842, ""value"": 87.5}, {""ts"": 1778169339.6345315, ""value"": 86.5}, {""ts"": 1778169345.7327907, ""value"": 87.5}, {""ts"": 1778169351.9167964, ""value"": 87.5}, {""ts"": 1778169357.7326245, ""value"": 87.5}, {""ts"": 1778169363.5421383, ""value"": 86.5}, {""ts"": 1778169369.6666255, ""value"": 87.5}, {""ts"": 1778169375.63737, ""value"": 88.1}, {""ts"": 1778169381.5867908, ""value"": 87.0}]","[{""ts"": 1778169327.4206452, ""value"": 36.7}, {""ts"": 1778169333.4461842, ""value"": 36.2}, {""ts"": 1778169339.6345315, ""value"": 36.4}, {""ts"": 1778169345.7327907, ""value"": 37.1}, {""ts"": 1778169351.9167964, ""value"": 36.9}, {""ts"": 1778169357.7326245, ""value"": 36.0}, {""ts"": 1778169363.5421383, ""value"": 36.3}, {""ts"": 1778169369.6666255, ""value"": 36.5}, {""ts"": 1778169375.63737, ""value"": 36.5}, {""ts"": 1778169381.5867908, ""value"": 37.0}]"
42,patrol_8d65395c,voice_point_MAY,FAILED,1778213124,1778213124,"{""mission_id"": ""patrol_8d65395c"", ""robot_id"": ""robot-a"", ""route_name"": ""voice_point_MAY"", ""points"": [""MAY""], ""wait_sec_per_point"": 0, ""max_retry_per_point"": 1, ""skip_on_fail"": true, ""status"": ""DONE"", ""current_index"": 0, ""started_at"": 1778213123.5394905, ""finished_at"": 1778213123.622476, ""total_distance_m"": 8.786987957831055, ""cpu_samples"": [], ""battery_samples"": [], ""temperature_samples"": [], ""ram_samples"": [], ""results"": [{""point"": ""MAY"", ""status"": ""SKIPPED"", ""attempts"": 0, ""started_at"": null, ""finished_at"": null, ""reach_time_sec"": null, ""distance_on_finish"": null, ""message"": ""Point 'MAY' not found""}]}",05:23.7,robot-a,8.786987958,[],[],[],[]
43,patrol_1a31f307,voice_point_A,DONE,1778213129,1778213151,"{""mission_id"": ""patrol_1a31f307"", ""robot_id"": ""robot-a"", ""route_name"": ""voice_point_A"", ""points"": [""A""], ""wait_sec_per_point"": 0, ""max_retry_per_point"": 1, ""skip_on_fail"": true, ""status"": ""DONE"", ""current_index"": 0, ""started_at"": 1778213129.3171315, ""finished_at"": 1778213151.4492583, ""total_distance_m"": 9.642190281112931, ""cpu_samples"": [{""ts"": 1778213129.3195238, ""value"": 94.0}, {""ts"": 1778213135.1429498, ""value"": 97.0}, {""ts"": 1778213141.1566443, ""value"": 97.0}, {""ts"": 1778213147.7067237, ""value"": 97.0}], ""battery_samples"": [{""ts"": 1778213129.3195238, ""value"": 99.0}, {""ts"": 1778213135.1429498, ""value"": 99.0}, {""ts"": 1778213141.1566443, ""value"": 99.0}, {""ts"": 1778213147.7067237, ""value"": 99.0}], ""temperature_samples"": [{""ts"": 1778213129.3195238, ""value"": 85.9}, {""ts"": 1778213135.1429498, ""value"": 85.3}, {""ts"": 1778213141.1566443, ""value"": 86.5}, {""ts"": 1778213147.7067237, ""value"": 85.9}], ""ram_samples"": [{""ts"": 1778213129.3195238, ""value"": 34.4}, {""ts"": 1778213135.1429498, ""value"": 34.7}, {""ts"": 1778213141.1566443, ""value"": 35.0}, {""ts"": 1778213147.7067237, ""value"": 33.9}], ""results"": [{""point"": ""A"", ""status"": ""SUCCESS"", ""attempts"": 1, ""started_at"": 1778213129.384264, ""finished_at"": 1778213151.4492583, ""reach_time_sec"": 22.06499433517456, ""distance_on_finish"": 0.2160515823377666, ""message"": ""reached""}]}",05:51.5,robot-a,9.642190281,"[{""ts"": 1778213129.3195238, ""value"": 94.0}, {""ts"": 1778213135.1429498, ""value"": 97.0}, {""ts"": 1778213141.1566443, ""value"": 97.0}, {""ts"": 1778213147.7067237, ""value"": 97.0}]","[{""ts"": 1778213129.3195238, ""value"": 41.0}, {""ts"": 1778213135.1429498, ""value"": 41.0}, {""ts"": 1778213141.1566443, ""value"": 41.0}, {""ts"": 1778213147.7067237, ""value"": 41.0}]","[{""ts"": 1778213129.3195238, ""value"": 85.9}, {""ts"": 1778213135.1429498, ""value"": 85.3}, {""ts"": 1778213141.1566443, ""value"": 86.5}, {""ts"": 1778213147.7067237, ""value"": 85.9}]","[{""ts"": 1778213129.3195238, ""value"": 34.4}, {""ts"": 1778213135.1429498, ""value"": 34.7}, {""ts"": 1778213141.1566443, ""value"": 35.0}, {""ts"": 1778213147.7067237, ""value"": 33.9}]"
44,patrol_ede2d0f1,voice_point_D,DONE,1778213167,1778213214,"{""mission_id"": ""patrol_ede2d0f1"", ""robot_id"": ""robot-a"", ""route_name"": ""voice_point_D"", ""points"": [""D""], ""wait_sec_per_point"": 0, ""max_retry_per_point"": 1, ""skip_on_fail"": true, ""status"": ""DONE"", ""current_index"": 0, ""started_at"": 1778213167.2698815, ""finished_at"": 1778213213.9832835, ""total_distance_m"": 12.257049884350733, ""cpu_samples"": [{""ts"": 1778213167.2714481, ""value"": 97.0}, {""ts"": 1778213173.011214, ""value"": 100.0}, {""ts"": 1778213178.9207065, ""value"": 97.0}, {""ts"": 1778213184.9737093, ""value"": 97.0}, {""ts"": 1778213190.8004184, ""value"": 100.0}, {""ts"": 1778213197.0614777, ""value"": 97.0}, {""ts"": 1778213203.1553974, ""value"": 97.0}, {""ts"": 1778213208.7138708, ""value"": 100.0}], ""battery_samples"": [{""ts"": 1778213167.2714481, ""value"": 99.0}, {""ts"": 1778213173.011214, ""value"": 99.0}, {""ts"": 1778213178.9207065, ""value"": 99.0}, {""ts"": 1778213184.9737093, ""value"": 99.0}, {""ts"": 1778213190.8004184, ""value"": 99.0}, {""ts"": 1778213197.0614777, ""value"": 99.0}, {""ts"": 1778213203.1553974, ""value"": 99.0}, {""ts"": 1778213208.7138708, ""value"": 99.0}], ""temperature_samples"": [{""ts"": 1778213167.2714481, ""value"": 86.5}, {""ts"": 1778213173.011214, ""value"": 85.3}, {""ts"": 1778213178.9207065, ""value"": 87.0}, {""ts"": 1778213184.9737093, ""value"": 84.8}, {""ts"": 1778213190.8004184, ""value"": 85.9}, {""ts"": 1778213197.0614777, ""value"": 86.5}, {""ts"": 1778213203.1553974, ""value"": 85.9}, {""ts"": 1778213208.7138708, ""value"": 85.9}], ""ram_samples"": [{""ts"": 1778213167.2714481, ""value"": 33.6}, {""ts"": 1778213173.011214, ""value"": 34.3}, {""ts"": 1778213178.9207065, ""value"": 34.2}, {""ts"": 1778213184.9737093, ""value"": 34.1}, {""ts"": 1778213190.8004184, ""value"": 34.0}, {""ts"": 1778213197.0614777, ""value"": 34.2}, {""ts"": 1778213203.1553974, ""value"": 33.7}, {""ts"": 1778213208.7138708, ""value"": 34.3}], ""results"": [{""point"": ""D"", ""status"": ""SUCCESS"", ""attempts"": 1, ""started_at"": 1778213167.3465943, ""finished_at"": 1778213213.9832835, ""reach_time_sec"": 46.63668918609619, ""distance_on_finish"": 0.19550510716379715, ""message"": ""reached""}]}",06:54.0,robot-a,12.25704988,"[{""ts"": 1778213167.2714481, ""value"": 97.0}, {""ts"": 1778213173.011214, ""value"": 100.0}, {""ts"": 1778213178.9207065, ""value"": 97.0}, {""ts"": 1778213184.9737093, ""value"": 97.0}, {""ts"": 1778213190.8004184, ""value"": 100.0}, {""ts"": 1778213197.0614777, ""value"": 97.0}, {""ts"": 1778213203.1553974, ""value"": 97.0}, {""ts"": 1778213208.7138708, ""value"": 100.0}]","[{""ts"": 1778213167.2714481, ""value"": 39.0}, {""ts"": 1778213173.011214, ""value"": 39.0}, {""ts"": 1778213178.9207065, ""value"": 39.0}, {""ts"": 1778213184.9737093, ""value"": 38.0}, {""ts"": 1778213190.8004184, ""value"": 38.0}, {""ts"": 1778213197.0614777, ""value"": 37.0}, {""ts"": 1778213203.1553974, ""value"": 36.0}, {""ts"": 1778213208.7138708, ""value"": 35.0}]","[{""ts"": 1778213167.2714481, ""value"": 86.5}, {""ts"": 1778213173.011214, ""value"": 85.3}, {""ts"": 1778213178.9207065, ""value"": 87.0}, {""ts"": 1778213184.9737093, ""value"": 84.8}, {""ts"": 1778213190.8004184, ""value"": 85.9}, {""ts"": 1778213197.0614777, ""value"": 86.5}, {""ts"": 1778213203.1553974, ""value"": 85.9}, {""ts"": 1778213208.7138708, ""value"": 85.9}]","[{""ts"": 1778213167.2714481, ""value"": 33.6}, {""ts"": 1778213173.011214, ""value"": 34.3}, {""ts"": 1778213178.9207065, ""value"": 34.2}, {""ts"": 1778213184.9737093, ""value"": 34.1}, {""ts"": 1778213190.8004184, ""value"": 34.0}, {""ts"": 1778213197.0614777, ""value"": 34.2}, {""ts"": 1778213203.1553974, ""value"": 33.7}, {""ts"": 1778213208.7138708, ""value"": 34.3}]"
